hypothesis_id,status,mechanism,signal,target_horizon,closest_prior_family,material_novelty,primary_source,falsification_rule
H001,sealed_validated,slow session-level overreaction reverses next session,standardized trailing session open-to-close return with extreme threshold,next session open-to-close,none,baseline frozen discovery,internal discovery,Reject if frozen sealed Sharpe is below 2 or monthly hit rate below 70 percent
H002,rejected,upside and downside realized variation contain asymmetric information about momentum reversal,trailing realized upside-minus-downside semivariance conditioned on recent direction,15 to 240 minutes,plain momentum and reversal,uses signed realized variation rather than total return alone,https://ssrn.com/abstract=3584014,Rejected after negative net expectancy and negative family Sharpe in chained outer folds
H003,rejected,early-session order flow predicts or reverses the closing window,first 30 or 60 minute return conditioned on volume or volatility,last 30 to 120 minutes of the same session,intraday momentum,nonoverlapping opening predictor and closing target with an intraday flat interval,https://doi.org/10.1002/fut.22084,Rejected after negative net expectancy and negative family Sharpe in chained outer folds
H004,rejected,low realized range compression precedes directional expansion,prior rolling range percentile plus current causal breakout,next 30 to 240 minutes,range breakout,conditions breakout on compression state instead of price location alone,https://papers.ssrn.com/sol3/papers.cfm?abstract_id=3069253,Rejected after negative net expectancy and negative family Sharpe in chained outer folds
H005,rejected,economically linked futures transmit information with a lag,lagged standardized return of a declared economic leader,next 15 to 240 minutes,generic peer-average lead lag,uses fixed economic pairs and excludes unrelated peer averaging,https://ssrn.com/abstract=5250499,Rejected after negative zero-cost and costed walk-forward expectancy
H006,rejected,volume-confirmed price moves differ from low-participation moves,return impulse interacted with causal volume surprise,next 15 to 240 minutes,unconditioned momentum,interaction is the hypothesis rather than an entry filter,https://ssrn.com/abstract=3493927,Rejected after negative zero-cost and costed walk-forward expectancy
H007,rejected,closeness to a prior high isolates underreaction from conventional momentum,return from rolling high to current session close,next session,plain time-series momentum,decomposes the momentum path around its intervening high,https://ssrn.com/abstract=4176234,Rejected after negative zero-cost and costed walk-forward expectancy
H008,rejected,average return differs structurally by recurring intraday clock bucket,causal rolling mean return for the same product and session bucket,current 15 to 240 minute bucket,generic time-of-day filter,the clock bucket forecast is the signal rather than a filter,https://ssrn.com/abstract=3596245,Rejected as implemented after negative zero-cost and costed walk-forward expectancy
H009,rejected,discontinuous price shocks induce a distinct continuation or overreaction response,realized-variance minus bipower-variation jump proxy,next 15 to 240 minutes,large-return reversal,separates jump variation from continuous volatility,https://doi.org/10.1093/jjfinec/nbh001,Rejected after negative zero-cost and costed walk-forward expectancy
H010,rejected,high price impact identifies liquidity-demand shocks that should partially reverse,signed return scaled by lagged dollar-volume liquidity,next 15 to 240 minutes,volume-confirmed momentum,tests price impact and liquidity provision rather than participation confirmation,https://doi.org/10.1016/S0378-4266(03)00120-1,Rejected because small gross expectancy was overwhelmed by realistic turnover costs
H011,rejected,low sign-sequence entropy identifies locally persistent information flow,rolling Shannon entropy of return signs interacted with recent direction,next 15 to 240 minutes,trend efficiency,uses model-free sequence predictability rather than path slope,https://arxiv.org/abs/2312.16637,Rejected after negative zero-cost and costed walk-forward expectancy
H012,rejected,asymmetric risk around weekends creates a Friday-minus-Monday futures return premium,fixed long Friday and short Monday session exposure,current session,other calendar effects,weekday direction follows a documented futures-specific risk mechanism,https://doi.org/10.1002/fut.22069,Rejected for the roll-safe session-only adaptation; faithful close-to-close test blocked by absent contract IDs
H013,rejected,weekly overreaction is stronger when lagged futures trading volume expands,fade trailing session returns only during bounded volume expansion,next session,price-impact reversal,uses multi-session change in trading activity rather than intrabar price impact,https://doi.org/10.1016/S0378-4266(03)00120-1,Rejected after negative zero-cost and costed walk-forward expectancy
H014,rejected,information accumulated overnight is overreacted to and partially reverses during core US hours,standardized same-session overnight return,subsequent 0930-to-1600 New York window,opening-window prediction,uses the complete overnight information interval and a nonoverlapping core-hours target,https://doi.org/10.1108/CFRI-10-2017-0213,Rejected after negative zero-cost and costed walk-forward expectancy
H015,rejected,estimated serial dependence determines whether recent returns should be followed or faded,rolling variance ratio interacted with recent direction,next session,fixed momentum or reversal,uses a causal random-walk diagnostic to select continuation versus reversal,https://doi.org/10.3386/t0066,Rejected after negative zero-cost and costed walk-forward expectancy
H016,rejected,investor preference for positive skew creates a cross-sectional premium for negatively skewed commodity futures,cross-sectional rank of trailing intraday realized skewness,next session,semivariance asymmetry,uses the third realized moment and cross-sectional pricing direction,https://ssrn.com/abstract=2671165,Rejected as implemented after near-zero out-of-fold Sharpe and failure of promotion thresholds
H017,rejected,nonlinear interactions among lagged high-frequency cross-market signals encode gradual information diffusion,pooled regularized predictions using nonoverlapping overnight European-open first-30-minute volume volatility and cross-sectional features,1000-to-1600 New York window,existing linear daily trend model,uses pooled nonlinear interactions and strictly nonoverlapping intraday targets,https://ssrn.com/abstract=4388560,Rejected after negative expectancy in every model sleeve and near-zero prediction correlation
H018,rejected,producer hedging demand creates a cross-sectional commodity futures risk premium,CFTC producer merchant processor user net-short positions divided by open interest with a conservative publication lag,next available session after Friday publication,price-only momentum and reversal,uses independently sourced trader positioning and a futures risk-transfer mechanism,https://www.nber.org/papers/w13249,Rejected after negative gross and costed expectancy and only one positive chronological fold
H019,rejected,temporary product-specific dislocations mean-revert after removing the common cross-futures return factor,causally estimated trailing principal-component residual ranked across products,next 15 to 240 minute bar,own-product mean reversion,neutralizes the dominant dynamically estimated common factor before fading only residual extremes,https://papers.ssrn.com/abstract=1153505,Rejected after the initial gross edge failed 1-bp costs and the higher-threshold confirmation refinement was negative gross
H020,rejected,managed-money positions contain informed directional views that diffuse gradually into commodity prices,CFTC managed-money net-long share of open interest ranked cross-sectionally with conservative Friday publication lag,next five sessions traded open to close,producer hedging pressure and price momentum,uses independently classified sophisticated-speculator positioning and a paper-faithful subsequent-week horizon,https://papers.ssrn.com/abstract=3077802,Rejected after negative expectancy and fewer than two positive chronological folds at 1 bp per side
H021,rejected,lagged returns across the full futures network contain adaptive linear information transmission,a causal rolling regularized vector autoregression forecasts each product's next standardized bar return,next 15 to 240 minute bar,fixed-pair lead-lag and pooled daily machine learning,learns a complete time-varying cross-product transmission matrix at intraday frequency using only prior sessions,https://arxiv.org/abs/1811.00200,Rejected after negative gross and costed expectancy with a negative 95th-percentile bootstrap Sharpe
H022,rejected,public EIA inventory information is incorporated gradually after the scheduled release,the sign of the first 15 or 30 minute CL or NG release reaction after a causal rolling magnitude threshold,following 30 to 240 minutes on standard release days,generic intraday momentum and CFTC weekly positioning,conditions a nonoverlapping post-announcement drift signal on a predeclared public fundamental-event clock,https://www.eia.gov/reports/upcoming.php,Rejected after negative gross and costed expectancy with negative performance in the chained event portfolio
H024,registered,product-specific dislocations versus dependency-network-implied fair value partially revert over subsequent sessions,trailing correlation-graph Laplacian smoothing of multi-session standardized returns faded at cross-sectional extremes,next 1 to 5 sessions,one-factor PCA residual reversal (H019) and fixed-pair lead-lag (H005),multi-asset learned dependency network replaces single common factor; session-scale holding inherits structural cost survival,https://papers.ssrn.com/abstract=1153505,"Reject if the chained out-of-fold portfolio is not positive gross or fails 1-bp-per-side cost stress"
