family,feature,early_observations,late_observations,early_median,late_median,median_shift_in_iqr
ohlcv_history,close_percentile_120s,628,1225,0.3208333333333333,0.5833333333333334,0.38888888888888895
volatility_liquidity_regime,return_autocorrelation_60s,628,1225,-0.01218783889582574,-0.07051804227812307,0.37074868320157844
ohlcv_history,close_percentile_60s,628,1225,0.3583333333333333,0.6,0.34523809523809523
range_atr_and_estimators,range_percentile_120s,628,1225,0.36666666666666664,0.5083333333333333,0.2741935483870968
cross_market_lead_lag,leadlag_correlation_60s,628,1225,0.01844563033029975,-0.02166539199477625,0.23408288020896834
ohlcv_history,close_percentile_20s,628,1225,0.45,0.6,0.23076923076923075
volatility_liquidity_regime,return_autocorrelation_20s,628,1225,-0.023964482157325766,-0.08847747880776768,0.23063115334058226
momentum_reversal,standardized_return_20s,628,1225,-0.12155985103535918,0.16970258979556252,0.22321129825260785
moving_average_structure,price_to_sma_120s,628,1225,-0.009739941337218394,0.0020028825187596855,0.21843486433808473
cross_market_lead_lag,leadlag_correlation_20s,628,1225,0.04814539788922641,-0.01783177615777143,0.19641377946372945
volatility_liquidity_regime,volatility_ratio_20_60s,628,1225,0.9046365972652586,0.9609739447023387,0.1885259816481002
cross_market_lead_lag,leadlag_beta_60s,628,1225,0.009129428820306209,-0.011283367491698075,0.17603678540471465
moving_average_structure,sma_gap_30_120s,628,1225,-0.004993785142135221,0.0022477886111242906,0.1757321502458833
volatility_liquidity_regime,downside_volatility_20s,628,1225,0.003927294874869546,0.0052029190102430645,0.17458993963151784
volatility_liquidity_regime,realized_volatility_5s,628,1225,0.007729323478334523,0.009547142069079428,0.16428965250773842
trend,ema_gap_10_60s,628,1225,-0.0035398661667129794,0.0005615618817642609,0.16187211210587382
volatility_liquidity_regime,realized_volatility_20s,628,1225,0.007952471469524863,0.00985231596918506,0.16058534557115448
momentum_reversal,momentum_120s,628,1225,-0.009824429757369491,0.002927355365534961,0.1592574538404546
trend,trend_efficiency_60s,628,1225,0.11901411012835139,0.0958618636498958,0.1591078392557281
moving_average_structure,price_to_ema_60s,628,1225,-0.004222730448954659,0.0010386141113554181,0.15817457870154392
minute_bar_pace_and_distribution,return_sign_imbalance,628,1225,-0.0015498150550031225,0.00293470286133529,0.1571342976440372
moving_average_structure,price_to_ema_120s,628,1225,-0.006480982526605339,0.0011549834050210706,0.15636423181282985
trend,price_to_sma_60s,628,1225,-0.0047509035499275765,0.0012586406840238151,0.15418037626550754
momentum_reversal,standardized_return_5s,628,1225,-0.15634944138913492,0.07382476194336088,0.15186818819690823
range_atr_and_estimators,garman_klass_volatility_30s,628,1225,0.0080104433007557,0.010402864698169976,0.15113371533580505
range_atr_and_estimators,garman_klass_volatility_20s,628,1225,0.008070979674597138,0.010264645833862737,0.1502118489288335
volatility_liquidity_regime,upside_downside_volatility_ratio_20s,628,1225,1.0297412088934061,0.9501834865701643,0.1492955273352747
trend,trend_slope_60s,628,1225,-0.00016592109544667744,2.8143770621461657e-05,0.14396962430590193
linear_regression_structure,trend_residual_zscore_20s,628,1225,-0.18708317421846543,0.0868177809624411,0.1431487953174237
minute_bar_pace_and_distribution,intraday_return_q10,628,1225,-0.00020643514214837568,-0.0002538955703786705,0.14241880375003213
range_atr_and_estimators,atr_30s_fraction,628,1225,0.01252554961916946,0.01549567727698679,0.1400708398312912
linear_regression_structure,trend_r_squared_120s,628,1225,0.3324694372423558,0.2697213483438369,0.13925023730028208
minute_bar_pace_and_distribution,intraday_return_q75,628,1225,0.00010836144942644177,0.00013136231477917093,0.13840794487143396
range_atr_and_estimators,parkinson_volatility_30s,628,1225,0.008114475914111158,0.01016358385610515,0.13556901296572912
volatility_liquidity_regime,return_volatility_60s,628,1225,0.00844704128995442,0.010662892909408112,0.13368385630376356
range_atr_and_estimators,range_percentile_60s,628,1225,0.4166666666666667,0.48333333333333334,0.1333333333333333
moving_average_structure,price_to_ema_30s,628,1225,-0.0020519270148758317,0.0010574044299691554,0.13281345518000565
moving_average_structure,price_to_sma_30s,628,1225,-0.00202550796113915,0.0014507786636170916,0.13227924078759234
linear_regression_structure,trend_slope_30s,628,1225,-0.00011497429283602464,0.00010881906468964709,0.12738905739766457
range_atr_and_estimators,parkinson_volatility_20s,628,1225,0.008037207806945813,0.00979316874542944,0.12635306362370768
trend,ema_gap_5_20s,628,1225,-0.0009779675103008811,0.0006673335979894279,0.1243069122374758
range_atr_and_estimators,parkinson_volatility_5s,628,1225,0.00761451488802449,0.009220803722923951,0.12333848753951354
momentum_reversal,momentum_60s,628,1225,-0.007756963455946604,0.0004888053979445904,0.12149498286850582
range_atr_and_estimators,garman_klass_volatility_5s,628,1225,0.007690932282263869,0.009221046469657098,0.11926487973062642
minute_bar_pace_and_distribution,absolute_return_per_observed_minute,628,1225,0.00013781759144800045,0.00016364545512530468,0.1188682820946014
linear_regression_structure,trend_r_squared_60s,628,1225,0.4981238189794489,0.42931696642156214,0.11775638782921614
momentum_reversal,momentum_20s,628,1225,-0.002381992334072591,0.0020233791390571187,0.11391573872576845
minute_bar_pace_and_distribution,intraday_return_q90,628,1225,0.0002119215696289034,0.00024991714845885583,0.11353985143207385
trend,trend_slope_20s,628,1225,-0.00010999204216661075,0.00011652242867305091,0.11278771278437374
range_atr_and_estimators,atr_5s_fraction,628,1225,0.012316816967679427,0.014643208634207297,0.11273343833891193
momentum_reversal,standardized_return_60s,628,1225,-0.11123548439464279,0.018549502442759193,0.11255998264782592
moving_average_structure,sma_gap_20_60s,628,1225,-0.0027336374518390216,0.0003749988236425583,0.10986317061718827
linear_regression_structure,trend_slope_120s,628,1225,-5.743472714468412e-05,3.841480975928369e-05,0.10839869355574601
trend,price_to_sma_20s,628,1225,-0.0014398780677020162,0.0007552580528908948,0.1077049353818836
volatility_liquidity_regime,return_volatility_20s,628,1225,0.007796289365674943,0.009226235151087782,0.10612837289626675
ohlcv_history,volume_percentile_120s,628,1225,0.4583333333333333,0.4083333333333333,0.10344827586206895
intraday_realized_risk,realized_volatility,628,1225,0.007790654333932111,0.008959793024834782,0.10267708132157302
minute_bar_pace_and_distribution,intraday_return_iqr,628,1225,0.00021292723776153433,0.00024408860942920496,0.0993106910205987
momentum_reversal,momentum_10s,628,1225,-0.0017308704057614065,0.0009831704354866739,0.09866400733426108
intraday_realized_risk,downside_semivariance,628,1225,3.126789190213407e-05,4.209426874737884e-05,0.09631767138629489
range_atr_and_estimators,atr_14s_fraction,628,1225,0.012646078688476635,0.014652612595805569,0.09564064715436028
moving_average_structure,sma_gap_5_20s,628,1225,-0.000884601945868313,0.0006196024569251612,0.09462599059210564
volatility_liquidity_regime,return_volatility_5s,628,1225,0.0060835067110005855,0.007239071564256262,0.09452224826715856
momentum_reversal,return_zscore_20s,628,1225,-0.08213596498393727,0.034404478232362964,0.09423143968744885
range_atr_and_estimators,true_range_fraction,628,1225,0.010707174589324936,0.012557077625570776,0.09294960054790372
volatility_liquidity_regime,close_location,628,1225,0.47455434833733134,0.5279069767441954,0.09127078456441125
volatility_liquidity_regime,range_fraction,628,1225,0.010799857113189731,0.012583722346255386,0.09016243840399359
intraday_realized_risk,realized_variance,628,1225,6.0694362475716474e-05,8.027789104787802e-05,0.08849726027613117
momentum_reversal,momentum_5s,628,1225,-0.0012257419363267586,0.00043150144139820015,0.08565945909508162
moving_average_structure,price_to_ema_10s,628,1225,-0.0008322826484832846,0.00020249116289106084,0.08551710487393362
intraday_realized_risk,bipower_variation,628,1225,5.7930735556583405e-05,7.521947873687578e-05,0.08371098651870366
intraday_realized_risk,upside_semivariance,628,1225,2.9891630730033546e-05,3.884089236375386e-05,0.08125291734480343
minute_bar_pace_and_distribution,intraday_return_q25,628,1225,-0.00010894581483411603,-0.00012141418838934603,0.07601641687212898
trend,price_to_sma_10s,628,1225,-0.0007142787182045085,0.0002946063923809916,0.07235412361261506
linear_regression_structure,trend_residual_zscore_60s,628,1225,-0.05864635112156394,0.05556391249718891,0.06455386035104002
ohlcv_history,high_to_previous_close,628,1225,0.0037001973991408477,0.004295442640125824,0.05825699737670008
minute_bar_pace_and_distribution,positive_return_fraction,628,1225,0.3860500050281577,0.3964757709251101,0.056274832096339794
moving_average_structure,price_to_sma_5s,628,1225,-0.00032942266137708787,0.00017261385322075995,0.0546263373743935
volatility_liquidity_regime,volatility_ratio_5_20s,628,1225,0.8724028851718646,0.8979242776767266,0.054327715780303855
ohlcv_history,volume_change_20s,628,1225,-0.032981168957419094,-0.006869500059397127,0.054026085141206874
volatility_liquidity_regime,range_zscore_20s,628,1225,-0.30298917494318345,-0.24372141764543093,0.053135659784641895
intraday_realized_risk,jump_variation,628,1225,4.447041372127592e-06,5.288573308050936e-06,0.051724006834201766
ohlcv_history,close_return_lag_2s,628,1225,-0.00029293559314352846,0.00011469972567645925,0.05118800668346298
ohlcv_history,close_return_lag_1s,628,1225,-0.0002999715949860149,0.00010429604907602474,0.05064153296911631
volatility_liquidity_regime,drawdown_20s,628,1225,-0.012257482615857074,-0.010568386738798674,0.04992928858108495
cross_market_lead_lag,peer_return_lag1s,628,1225,9.245917262844239e-05,0.0005053360879927471,0.04849447956134657
linear_regression_structure,trend_slope_acceleration_20s,628,1225,-5.321851189485008e-05,1.968538979346988e-05,0.04848568370785954
cross_market_lead_lag,peer_momentum_5s_lag1s,628,1225,0.001697689369611538,0.0027999350237142284,0.04840942327052168
momentum_reversal,log_return_1s,628,1225,-0.0002929785106802637,7.691716025633087e-05,0.047262532004045024
momentum_reversal,reversal_1s,628,1225,0.0002929785106802637,-7.691716025633087e-05,0.047262532004045024
momentum_reversal,momentum_2s,628,1225,-0.000284274000727939,0.0002595180653409215,0.04628372022592242
intraday_realized_risk,realized_quarticity,628,1225,1.3863376571392818e-08,2.2446098586318197e-08,0.04274636076597791
ohlcv_history,close_return_lag_5s,628,1225,-0.0002582480610966442,7.69201184569468e-05,0.04200246129336306
ohlcv_history,close_return_lag_20s,628,1225,-0.0002052562184697293,0.0001457035660947792,0.04174599232035339
minute_bar_pace_and_distribution,zero_return_fraction,628,1225,0.22054017743672916,0.20661764705882352,0.037784680321810565
ohlcv_history,close_return_lag_10s,628,1225,-0.0001838927482185615,0.00011503949689384285,0.03645940727113375
ohlcv_history,close_return_lag_30s,628,1225,-0.00014105744024067723,0.0001532596409894449,0.034039642298981904
volatility_liquidity_regime,log_volume,628,1225,12.961229271156505,13.017960181147803,0.034037184518471944
ohlcv_history,volume_percentile_60s,628,1225,0.45,0.43333333333333335,0.033333333333333326
ohlcv_history,volume_change_5s,628,1225,0.0007306341422966822,-0.010746021147171714,0.02393049170539201
volatility_liquidity_regime,volume_zscore_20s,628,1225,0.11875485664713456,0.09524171855104847,0.02306457411961377
ohlcv_history,volume_change_1s,628,1225,-0.008095734254333908,0.0007996237064911149,0.02263874605348844
minute_bar_pace_and_distribution,volume_per_observed_minute,628,1225,358.984534557774,348.4409377817854,0.02103428614412067
volatility_liquidity_regime,drawdown_60s,628,1225,-0.027121141099207158,-0.026322139342628392,0.011655056343380196
ohlcv_history,low_to_previous_close,628,1225,-0.004143822616941351,-0.004043374379709697,0.01084595771062573
linear_regression_structure,trend_r_squared_20s,628,1225,0.38624980042719925,0.38837894952997176,0.003929704001362448
trend,trend_efficiency_20s,628,1225,0.19551931343521908,0.19605019543303948,0.0023521283882145935
minute_bar_pace_and_distribution,intraday_tail_imbalance,628,1225,1.8016469038872884e-08,1.9296823361436566e-08,0.0011195868147861915
cross_market_lead_lag,peer_breadth_lag1s,628,1225,0.5,0.5,0.0
ohlcv_history,volume_quartile_60s,628,1225,2.0,2.0,0.0
ohlcv_history,volume_percentile_20s,628,1225,0.5,0.5,0.0
range_atr_and_estimators,overnight_gap_fraction,628,1225,0.0,0.0,0.0
range_atr_and_estimators,range_percentile_20s,628,1225,0.5,0.5,0.0
range_atr_and_estimators,range_quartile_60s,628,1225,2.0,2.0,0.0
ohlcv_history,open_to_previous_close,628,1225,0.0,0.0,0.0
minute_bar_pace_and_distribution,intraday_return_median,628,1225,0.0,0.0,
