family,feature,missing_pct_all,missing_pct_after_warmup,distinct_values,median,p01,p99,robust_outlier_pct
momentum_reversal,log_return_1s,0.1361285053090117,0.0,3634,0.0,-0.05298203134146485,0.044885181754319485,3.026172300981461
momentum_reversal,momentum_2s,0.2722570106180234,0.0,3663,0.00013575543658106995,-0.07292754499169583,0.06332255219769194,2.921102921102921
momentum_reversal,momentum_5s,0.6806425265450585,0.0,3648,0.00022597308725271626,-0.1179179551063416,0.10482818500627754,2.7960526315789473
momentum_reversal,momentum_10s,1.361285053090117,0.0,3623,0.0005407522049635622,-0.14968445310243902,0.1374441314063462,1.9597019044990338
momentum_reversal,momentum_20s,2.722570106180234,0.0,3572,0.0015663167316191334,-0.17015785564303693,0.1924695362939441,1.5113350125944585
momentum_reversal,momentum_60s,8.167710318540703,0.0,3372,0.0023988869164713977,-0.22666066033904347,0.2892305096754178,0.7708271568336793
momentum_reversal,momentum_120s,16.335420637081405,0.0,3073,0.0031161936271924514,-0.17284189243047232,0.27831522822917437,0.35795639440286364
momentum_reversal,standardized_return_5s,0.6806425265450585,0.0,3648,0.03588109095768698,-3.2358944586311904,3.361175856293551,0.10964912280701754
momentum_reversal,standardized_return_20s,2.722570106180234,0.0,3572,0.09874280968723481,-2.103645816541903,2.2544459138619812,0.0
momentum_reversal,standardized_return_60s,8.167710318540703,0.0,3372,0.05868163209469892,-1.894820449068249,2.4065987504558564,0.0
momentum_reversal,reversal_1s,0.1361285053090117,0.0,3634,0.0,-0.04488518175431951,0.05298203134146472,3.026172300981461
momentum_reversal,return_zscore_20s,2.722570106180234,0.0,3573,-0.024937574282243417,-2.3627098494980427,2.3148535631855895,0.0
trend,price_to_sma_10s,1.2251565477811053,0.0,3628,0.00026980571546619814,-0.08980980028824197,0.0685609895754715,2.508269018743109
trend,price_to_sma_20s,2.5864416008712223,0.0,3578,0.0007832788610895314,-0.11312567345446295,0.09881310620026793,1.8725544997205141
trend,price_to_sma_60s,8.031581813231691,0.0,3378,0.0014435762261088003,-0.14749966734513045,0.1765948300571884,0.7400828892835998
trend,ema_gap_5_20s,2.5864416008712223,0.0,3578,0.0006372772129348281,-0.06708322643395724,0.060087289081495694,1.6489659027389605
trend,ema_gap_10_60s,8.031581813231691,0.0,3378,0.0008879004781178201,-0.08404125270512035,0.09807854486581456,0.3848431024274719
trend,trend_slope_20s,2.5864416008712223,0.0,3578,6.95618788488844e-05,-0.010910577780326114,0.009887534073578627,1.593068753493572
trend,trend_slope_60s,8.031581813231691,0.0,3378,1.8735900003583493e-05,-0.00433881021284992,0.0051306771044284044,0.0
trend,trend_efficiency_20s,2.5864416008712223,0.0,3562,0.1969168624746283,0.0044468646685607285,0.6176255002242138,0.0
trend,trend_efficiency_60s,8.031581813231691,0.0,3362,0.10725495144984906,0.001967709628766504,0.3871189985732491,0.0
volatility_liquidity_regime,realized_volatility_5s,0.5445140212360468,0.0,3653,0.008508421782658617,0.0008834273005198836,0.04463978528728686,0.21899808376676702
volatility_liquidity_regime,realized_volatility_20s,2.5864416008712223,0.0,3578,0.008434585264376047,0.0009953330546811003,0.04044175182421895,0.0
volatility_liquidity_regime,return_volatility_5s,0.6806425265450585,0.0,3647,0.007273838760831644,0.0004884830156411623,0.05063307551789669,0.3837719298245614
volatility_liquidity_regime,return_volatility_20s,2.722570106180234,0.0,3572,0.00823888388420423,0.00076440249150968,0.04306272858809764,0.0
volatility_liquidity_regime,return_volatility_60s,8.167710318540703,0.0,3372,0.008838481137757582,0.0008585637945718524,0.0369835334581672,0.0
volatility_liquidity_regime,volatility_ratio_5_20s,2.722570106180234,0.0,3573,0.910081701344736,0.27580406370661165,1.771755235455543,0.0
volatility_liquidity_regime,volatility_ratio_20_60s,8.167710318540703,0.0,3373,0.9608054429297491,0.5162673755182842,1.55185181067501,0.0
volatility_liquidity_regime,downside_volatility_20s,2.722570106180234,0.0,2635,0.00436183448410629,0.0003692457421706082,0.02804880445337203,0.36383991043940667
volatility_liquidity_regime,upside_downside_volatility_ratio_20s,2.722570106180234,0.0,3572,1.02855665803142,0.36587998815022854,3.1767851770427638,0.41981528127623846
volatility_liquidity_regime,drawdown_20s,2.5864416008712223,0.0,3044,-0.010963435647003417,-0.2064444725690219,0.0,5.086640581330352
volatility_liquidity_regime,drawdown_60s,8.031581813231691,0.0,2981,-0.023445446339062204,-0.2608879696171034,0.0,2.605091770278271
volatility_liquidity_regime,range_fraction,0.0,0.0,3667,0.012058583704447092,0.0006953243172896286,0.08878922679949315,0.5717397222978492
volatility_liquidity_regime,range_zscore_20s,2.5864416008712223,0.0,3578,-0.2256183832193212,-1.6603487087919742,3.174248096539129,0.0
volatility_liquidity_regime,close_location,0.0,0.0,3530,0.5,0.005467796610169149,0.9932930298719765,0.0
volatility_liquidity_regime,log_volume,0.0,0.0,3666,13.034711795527276,9.900566741597245,14.804417409275015,0.0
volatility_liquidity_regime,volume_zscore_20s,2.5864416008712223,0.0,3578,0.12044411876514999,-3.541719537654825,2.1679785732073227,0.0
volatility_liquidity_regime,return_autocorrelation_20s,2.722570106180234,0.0,3573,-0.056041322621616096,-0.5201602371832521,0.4245229876885877,0.0
volatility_liquidity_regime,return_autocorrelation_60s,8.167710318540703,0.0,3373,-0.030547601936407046,-0.31771539095314405,0.2659131809598862,0.0
cross_market_lead_lag,peer_return_lag1s,0.2722570106180234,0.0,3661,0.0003395948637013313,-0.02167180923706465,0.02158330003511786,0.16380016380016382
cross_market_lead_lag,peer_momentum_5s_lag1s,0.8167710318540702,0.0,3638,0.001907760312347212,-0.048653819283218165,0.042968878949479886,0.05489980785067252
cross_market_lead_lag,peer_breadth_lag1s,0.1361285053090117,0.0,5,0.5,0.0,1.0,0.0
cross_market_lead_lag,leadlag_correlation_20s,2.858698611489246,0.0,3568,0.029686074887387184,-0.457075127999038,0.49231466184972855,0.0
cross_market_lead_lag,leadlag_correlation_60s,8.303838823849715,0.0,3368,0.01920554384247207,-0.24739482896153284,0.31006593367993546,0.0
cross_market_lead_lag,leadlag_beta_60s,8.303838823849715,0.0,3368,0.011098978931702527,-0.6532703168817992,1.575402193244621,5.641330166270784
range_atr_and_estimators,true_range_fraction,0.1361285053090117,0.0,3663,0.012071523078554467,0.0006945070380447609,0.08704654676409862,0.46346782988004365
range_atr_and_estimators,atr_5s_fraction,0.5445140212360468,0.0,3653,0.013268430075924565,0.0010066785519510842,0.07948715701700228,0.21899808376676702
range_atr_and_estimators,atr_14s_fraction,1.7696705690171521,0.0,3608,0.013350206918473155,0.0011714022968317055,0.07227944760363578,0.0
range_atr_and_estimators,atr_30s_fraction,3.947726653961339,0.0,3527,0.013388581396119585,0.0012367633066603882,0.06437255101766363,0.0
range_atr_and_estimators,parkinson_volatility_5s,0.5445140212360468,0.0,3653,0.008295327829618799,0.0006363541931684299,0.050508899365691313,0.41062140706268824
range_atr_and_estimators,parkinson_volatility_20s,2.5864416008712223,0.0,3578,0.008522889184579083,0.0007886187533791555,0.04507902301699678,0.0
range_atr_and_estimators,parkinson_volatility_30s,3.947726653961339,0.0,3528,0.008656247271974601,0.0008192819229572895,0.04101687230612302,0.0
range_atr_and_estimators,garman_klass_volatility_5s,0.5445140212360468,0.0,3653,0.00825459080242063,0.0006360345841312803,0.05097565786039034,0.41062140706268824
range_atr_and_estimators,garman_klass_volatility_20s,2.5864416008712223,0.0,3578,0.008476136545053662,0.0008025217998778633,0.045460418750910815,0.0
range_atr_and_estimators,garman_klass_volatility_30s,3.947726653961339,0.0,3528,0.008608114757772269,0.0008288374770758269,0.04301275369946198,0.0
range_atr_and_estimators,overnight_gap_fraction,0.1361285053090117,0.0,2948,0.0,-0.005141737448411951,0.005428426805348538,7.061068702290077
range_atr_and_estimators,range_percentile_20s,2.5864416008712223,0.0,20,0.5,0.05,1.0,0.0
range_atr_and_estimators,range_percentile_60s,8.031581813231691,0.0,60,0.48333333333333334,0.016666666666666666,1.0,0.0
range_atr_and_estimators,range_percentile_120s,16.199292131772395,0.0,120,0.475,0.008333333333333333,1.0,0.0
range_atr_and_estimators,range_quartile_60s,8.031581813231691,0.0,4,2.0,1.0,4.0,0.0
ohlcv_history,open_to_previous_close,0.1361285053090117,0.0,2948,0.0,-0.005141737448411951,0.005428426805348538,7.061068702290077
ohlcv_history,high_to_previous_close,0.1361285053090117,0.0,3631,0.004344924115343374,-0.00029925277543830787,0.059088098412906555,2.917121046892039
ohlcv_history,low_to_previous_close,0.1361285053090117,0.0,3621,-0.00410196566768295,-0.06960851713130778,0.0002983451803934063,4.06215921483097
ohlcv_history,close_return_lag_1s,0.2722570106180234,0.0,3629,0.0,-0.051683879374499905,0.045928391479407145,3.0849030849030847
ohlcv_history,close_return_lag_2s,0.4083855159270351,0.0,3625,0.0,-0.05176512035691813,0.04594900128213776,3.089119737561509
ohlcv_history,close_return_lag_5s,0.8167710318540702,0.0,3610,0.0,-0.05200884330417284,0.04601083069033,3.1018391435629975
ohlcv_history,close_return_lag_10s,1.4974135583991288,0.0,3585,0.0,-0.05241504821626401,0.04611387970398365,3.123272526257601
ohlcv_history,close_return_lag_20s,2.858698611489246,0.0,3537,0.0,-0.051602638392081665,0.04640893965350774,3.1109865470852016
ohlcv_history,close_return_lag_30s,4.219983664579363,0.0,3487,0.0,-0.05241504821626401,0.04611387970398365,3.069926094371802
ohlcv_history,volume_change_1s,0.1361285053090117,0.0,3668,-0.011981209183210162,-0.8636016140982143,6.5746166978585725,3.026172300981461
ohlcv_history,volume_change_5s,0.6806425265450585,0.0,3648,-0.009088636289052321,-0.859752141234032,6.418439675208323,3.0427631578947367
ohlcv_history,volume_change_20s,2.722570106180234,0.0,3573,0.010844210449343805,-0.8805148876133739,7.39167733797102,2.714805485586342
ohlcv_history,volume_percentile_20s,2.5864416008712223,0.0,20,0.5,0.05,1.0,0.0
ohlcv_history,volume_percentile_60s,8.031581813231691,0.0,60,0.5,0.016666666666666666,1.0,0.0
ohlcv_history,volume_percentile_120s,16.199292131772395,0.0,120,0.4625,0.016666666666666666,1.0,0.0
ohlcv_history,volume_quartile_60s,8.031581813231691,0.0,4,2.0,1.0,4.0,0.0
ohlcv_history,close_percentile_20s,2.5864416008712223,0.0,20,0.55,0.05,1.0,0.0
ohlcv_history,close_percentile_60s,8.031581813231691,0.0,60,0.5666666666666667,0.016666666666666666,1.0,0.0
ohlcv_history,close_percentile_120s,16.199292131772395,0.0,120,0.5583333333333333,0.008333333333333333,1.0,0.0
moving_average_structure,price_to_sma_5s,0.5445140212360468,0.0,3650,8.395248289461144e-05,-0.061493511350485,0.04743122231470547,2.518477963317821
moving_average_structure,price_to_sma_30s,3.947726653961339,0.0,3528,0.0011561929113307334,-0.12717947889481762,0.1269689738065694,1.5873015873015872
moving_average_structure,price_to_sma_120s,16.199292131772395,0.0,3078,0.0019641951468256647,-0.1489589300569553,0.19683595260368375,0.3898635477582846
moving_average_structure,sma_gap_5_20s,2.5864416008712223,0.0,3578,0.000645431190107737,-0.0910183451046515,0.07790939103704193,1.732811626607043
moving_average_structure,sma_gap_20_60s,8.031581813231691,0.0,3378,0.00022446469797077206,-0.09232007502856425,0.10764178895391299,0.0
moving_average_structure,sma_gap_30_120s,16.199292131772395,0.0,3078,0.0023200521034442145,-0.11397672197876149,0.1499226809047854,0.29239766081871343
moving_average_structure,price_to_ema_10s,1.2251565477811053,0.0,3628,0.00021730236090944377,-0.07472216972165696,0.05786428796476807,2.0672546857772875
moving_average_structure,price_to_ema_30s,3.947726653961339,0.0,3528,0.0008934429715650172,-0.11506321204878635,0.10738984654098921,1.5873015873015872
moving_average_structure,price_to_ema_60s,8.031581813231691,0.0,3378,0.0011215335069064691,-0.1293402161420343,0.1435092745753729,0.6808762581409118
moving_average_structure,price_to_ema_120s,16.199292131772395,0.0,3078,0.001356456232384562,-0.13941230342042446,0.17097796592487574,0.2599090318388564
linear_regression_structure,trend_slope_30s,3.947726653961339,0.0,3528,6.296156828046955e-05,-0.007311956050421855,0.007944993884203016,0.5952380952380952
linear_regression_structure,trend_slope_120s,16.199292131772395,0.0,3078,2.7896784157884993e-05,-0.002253739861129057,0.0031680889467849095,0.0
linear_regression_structure,trend_r_squared_20s,2.5864416008712223,0.0,3578,0.4333239749945922,0.00013250693460703844,0.9252633091362705,0.0
linear_regression_structure,trend_r_squared_60s,8.031581813231691,0.0,3378,0.4948868420585622,0.00032047175634871257,0.9224192826146953,0.0
linear_regression_structure,trend_r_squared_120s,16.199292131772395,0.0,3078,0.33417151721919275,0.00030712147510356444,0.9330209094782731,0.0
linear_regression_structure,trend_residual_zscore_20s,2.5864416008712223,0.0,3578,0.009229227057775269,-2.5186668358095665,2.453123592901352,0.0
linear_regression_structure,trend_residual_zscore_60s,8.031581813231691,0.0,3378,0.05976802540100158,-2.9414035977514597,2.820407339353882,0.0
linear_regression_structure,trend_slope_acceleration_20s,3.2670841274162807,0.0,3553,-3.2654093979164636e-06,-0.008890172766235936,0.007003353052363829,2.195327891922319
minute_bar_pace_and_distribution,volume_per_observed_minute,0.0,0.0,3672,360.5625546806649,16.853609034880673,2033.5741152611101,0.19057990743261638
minute_bar_pace_and_distribution,absolute_return_per_observed_minute,0.0,0.0,3673,0.00014968034852235937,1.3440067127124502e-05,0.000803290574727785,0.29948271167982576
minute_bar_pace_and_distribution,zero_return_fraction,0.0,0.0,3088,0.21706016755521707,0.018341892883345562,0.6178018865953366,0.0
minute_bar_pace_and_distribution,positive_return_fraction,0.0,0.0,3061,0.3904761904761905,0.189486614101036,0.5106382978723404,0.0
minute_bar_pace_and_distribution,return_sign_imbalance,0.0,0.0,2991,0.0014652014652014652,-0.05015791231334383,0.06309611151870873,0.0
minute_bar_pace_and_distribution,intraday_return_q10,0.0,0.0,3135,-0.00022284122562665765,-0.001287567970706192,-3.7324574499897345e-05,0.1361285053090117
minute_bar_pace_and_distribution,intraday_return_q25,0.0,0.0,2610,-0.00011193194537717499,-0.0005588387335980371,0.0,0.054451402123604685
minute_bar_pace_and_distribution,intraday_return_median,0.0,0.0,172,0.0,-1.084312885164529e-05,1.3066632910767566e-05,0.0
minute_bar_pace_and_distribution,intraday_return_q75,0.0,0.0,2617,0.00011286681715594327,0.0,0.0005402282169222137,0.08167710318540702
minute_bar_pace_and_distribution,intraday_return_q90,0.0,0.0,3139,0.0002237637055269026,3.732736095551914e-05,0.0013034520448071479,0.19057990743261638
minute_bar_pace_and_distribution,intraday_return_iqr,0.0,0.0,2949,0.00022258094113614124,0.0,0.0010838765042214728,0.08167710318540702
minute_bar_pace_and_distribution,intraday_tail_imbalance,0.0,0.0,3414,7.457130024590697e-09,-0.0001785777193047497,0.00018304055869854263,33.10645249115164
intraday_realized_risk,realized_variance,0.0,0.0,3673,7.044324634888835e-05,6.149232722614452e-07,0.0022348026565699283,9.610672474816226
intraday_realized_risk,realized_volatility,0.0,0.0,3673,0.00839304750069296,0.0007841484714608214,0.04727302579396877,0.5172883201742444
intraday_realized_risk,downside_semivariance,0.0,0.0,3673,3.518120396596188e-05,3.046875675127656e-07,0.0011269273711936646,9.501769670569017
intraday_realized_risk,upside_semivariance,0.0,0.0,3673,3.4420901274734354e-05,2.9971520738224635e-07,0.001128399464300078,9.828478083310644
intraday_realized_risk,bipower_variation,0.0,0.0,3673,6.545562720448287e-05,3.797585063066167e-07,0.0020385636810491825,9.392866866321809
intraday_realized_risk,jump_variation,0.0,0.0,3487,5.093744953298193e-06,0.0,0.00022997768184154,10.34576640348489
intraday_realized_risk,realized_quarticity,0.0,0.0,3673,1.7253397349653917e-08,5.10317158882245e-13,4.007143235928411e-05,25.401579090661585
