name,hypothesis_id,symbol,timeframe_minutes,lookback,threshold,direction,leader
unique_00001,H012,6E,1440,1,0.0,1,
unique_00002,H012,6J,1440,1,0.0,1,
unique_00003,H012,CL,1440,1,0.0,1,
unique_00004,H012,ES,1440,1,0.0,1,
unique_00005,H012,GC,1440,1,0.0,1,
unique_00006,H012,HG,1440,1,0.0,1,
unique_00007,H012,NG,1440,1,0.0,1,
unique_00008,H012,NKD,1440,1,0.0,1,
unique_00009,H012,ZC,1440,1,0.0,1,
unique_00010,H012,ZN,1440,1,0.0,1,
unique_00011,H013,6E,1440,3,1.0,-1,
unique_00012,H013,6J,1440,3,1.0,-1,
unique_00013,H013,CL,1440,3,1.0,-1,
unique_00014,H013,ES,1440,3,1.0,-1,
unique_00015,H013,GC,1440,3,1.0,-1,
unique_00016,H013,HG,1440,3,1.0,-1,
unique_00017,H013,NG,1440,3,1.0,-1,
unique_00018,H013,NKD,1440,3,1.0,-1,
unique_00019,H013,ZC,1440,3,1.0,-1,
unique_00020,H013,ZN,1440,3,1.0,-1,
unique_00021,H013,6E,1440,3,1.25,-1,
unique_00022,H013,6J,1440,3,1.25,-1,
unique_00023,H013,CL,1440,3,1.25,-1,
unique_00024,H013,ES,1440,3,1.25,-1,
unique_00025,H013,GC,1440,3,1.25,-1,
unique_00026,H013,HG,1440,3,1.25,-1,
unique_00027,H013,NG,1440,3,1.25,-1,
unique_00028,H013,NKD,1440,3,1.25,-1,
unique_00029,H013,ZC,1440,3,1.25,-1,
unique_00030,H013,ZN,1440,3,1.25,-1,
unique_00031,H013,6E,1440,5,1.0,-1,
unique_00032,H013,6J,1440,5,1.0,-1,
unique_00033,H013,CL,1440,5,1.0,-1,
unique_00034,H013,ES,1440,5,1.0,-1,
unique_00035,H013,GC,1440,5,1.0,-1,
unique_00036,H013,HG,1440,5,1.0,-1,
unique_00037,H013,NG,1440,5,1.0,-1,
unique_00038,H013,NKD,1440,5,1.0,-1,
unique_00039,H013,ZC,1440,5,1.0,-1,
unique_00040,H013,ZN,1440,5,1.0,-1,
unique_00041,H013,6E,1440,5,1.25,-1,
unique_00042,H013,6J,1440,5,1.25,-1,
unique_00043,H013,CL,1440,5,1.25,-1,
unique_00044,H013,ES,1440,5,1.25,-1,
unique_00045,H013,GC,1440,5,1.25,-1,
unique_00046,H013,HG,1440,5,1.25,-1,
unique_00047,H013,NG,1440,5,1.25,-1,
unique_00048,H013,NKD,1440,5,1.25,-1,
unique_00049,H013,ZC,1440,5,1.25,-1,
unique_00050,H013,ZN,1440,5,1.25,-1,
unique_00051,H016,6E,15,1,0.2,-1,
unique_00052,H016,6J,15,1,0.2,-1,
unique_00053,H016,CL,15,1,0.2,-1,
unique_00054,H016,ES,15,1,0.2,-1,
unique_00055,H016,GC,15,1,0.2,-1,
unique_00056,H016,HG,15,1,0.2,-1,
unique_00057,H016,NG,15,1,0.2,-1,
unique_00058,H016,NKD,15,1,0.2,-1,
unique_00059,H016,ZC,15,1,0.2,-1,
unique_00060,H016,ZN,15,1,0.2,-1,
unique_00061,H016,6E,15,1,0.4,-1,
unique_00062,H016,6J,15,1,0.4,-1,
unique_00063,H016,CL,15,1,0.4,-1,
unique_00064,H016,ES,15,1,0.4,-1,
unique_00065,H016,GC,15,1,0.4,-1,
unique_00066,H016,HG,15,1,0.4,-1,
unique_00067,H016,NG,15,1,0.4,-1,
unique_00068,H016,NKD,15,1,0.4,-1,
unique_00069,H016,ZC,15,1,0.4,-1,
unique_00070,H016,ZN,15,1,0.4,-1,
unique_00071,H016,6E,15,3,0.2,-1,
unique_00072,H016,6J,15,3,0.2,-1,
unique_00073,H016,CL,15,3,0.2,-1,
unique_00074,H016,ES,15,3,0.2,-1,
unique_00075,H016,GC,15,3,0.2,-1,
unique_00076,H016,HG,15,3,0.2,-1,
unique_00077,H016,NG,15,3,0.2,-1,
unique_00078,H016,NKD,15,3,0.2,-1,
unique_00079,H016,ZC,15,3,0.2,-1,
unique_00080,H016,ZN,15,3,0.2,-1,
unique_00081,H016,6E,15,3,0.4,-1,
unique_00082,H016,6J,15,3,0.4,-1,
unique_00083,H016,CL,15,3,0.4,-1,
unique_00084,H016,ES,15,3,0.4,-1,
unique_00085,H016,GC,15,3,0.4,-1,
unique_00086,H016,HG,15,3,0.4,-1,
unique_00087,H016,NG,15,3,0.4,-1,
unique_00088,H016,NKD,15,3,0.4,-1,
unique_00089,H016,ZC,15,3,0.4,-1,
unique_00090,H016,ZN,15,3,0.4,-1,
unique_00091,H016,6E,15,5,0.2,-1,
unique_00092,H016,6J,15,5,0.2,-1,
unique_00093,H016,CL,15,5,0.2,-1,
unique_00094,H016,ES,15,5,0.2,-1,
unique_00095,H016,GC,15,5,0.2,-1,
unique_00096,H016,HG,15,5,0.2,-1,
unique_00097,H016,NG,15,5,0.2,-1,
unique_00098,H016,NKD,15,5,0.2,-1,
unique_00099,H016,ZC,15,5,0.2,-1,
unique_00100,H016,ZN,15,5,0.2,-1,
unique_00101,H016,6E,15,5,0.4,-1,
unique_00102,H016,6J,15,5,0.4,-1,
unique_00103,H016,CL,15,5,0.4,-1,
unique_00104,H016,ES,15,5,0.4,-1,
unique_00105,H016,GC,15,5,0.4,-1,
unique_00106,H016,HG,15,5,0.4,-1,
unique_00107,H016,NG,15,5,0.4,-1,
unique_00108,H016,NKD,15,5,0.4,-1,
unique_00109,H016,ZC,15,5,0.4,-1,
unique_00110,H016,ZN,15,5,0.4,-1,
unique_00111,H014,6E,15,80,0.0,-1,
unique_00112,H014,6E,15,80,0.5,-1,
unique_00113,H014,6E,15,80,1.0,-1,
unique_00114,H015,6E,1440,40,0.1,2,
unique_00115,H015,6E,1440,40,0.25,2,
unique_00116,H015,6E,1440,40,0.1,5,
unique_00117,H015,6E,1440,40,0.25,5,
unique_00118,H015,6E,1440,80,0.1,2,
unique_00119,H015,6E,1440,80,0.25,2,
unique_00120,H015,6E,1440,80,0.1,5,
unique_00121,H015,6E,1440,80,0.25,5,
unique_00122,H014,6J,15,80,0.0,-1,
unique_00123,H014,6J,15,80,0.5,-1,
unique_00124,H014,6J,15,80,1.0,-1,
unique_00125,H015,6J,1440,40,0.1,2,
unique_00126,H015,6J,1440,40,0.25,2,
unique_00127,H015,6J,1440,40,0.1,5,
unique_00128,H015,6J,1440,40,0.25,5,
unique_00129,H015,6J,1440,80,0.1,2,
unique_00130,H015,6J,1440,80,0.25,2,
unique_00131,H015,6J,1440,80,0.1,5,
unique_00132,H015,6J,1440,80,0.25,5,
unique_00133,H014,CL,15,80,0.0,-1,
unique_00134,H014,CL,15,80,0.5,-1,
unique_00135,H014,CL,15,80,1.0,-1,
unique_00136,H015,CL,1440,40,0.1,2,
unique_00137,H015,CL,1440,40,0.25,2,
unique_00138,H015,CL,1440,40,0.1,5,
unique_00139,H015,CL,1440,40,0.25,5,
unique_00140,H015,CL,1440,80,0.1,2,
unique_00141,H015,CL,1440,80,0.25,2,
unique_00142,H015,CL,1440,80,0.1,5,
unique_00143,H015,CL,1440,80,0.25,5,
unique_00144,H014,ES,15,80,0.0,-1,
unique_00145,H014,ES,15,80,0.5,-1,
unique_00146,H014,ES,15,80,1.0,-1,
unique_00147,H015,ES,1440,40,0.1,2,
unique_00148,H015,ES,1440,40,0.25,2,
unique_00149,H015,ES,1440,40,0.1,5,
unique_00150,H015,ES,1440,40,0.25,5,
unique_00151,H015,ES,1440,80,0.1,2,
unique_00152,H015,ES,1440,80,0.25,2,
unique_00153,H015,ES,1440,80,0.1,5,
unique_00154,H015,ES,1440,80,0.25,5,
unique_00155,H014,GC,15,80,0.0,-1,
unique_00156,H014,GC,15,80,0.5,-1,
unique_00157,H014,GC,15,80,1.0,-1,
unique_00158,H015,GC,1440,40,0.1,2,
unique_00159,H015,GC,1440,40,0.25,2,
unique_00160,H015,GC,1440,40,0.1,5,
unique_00161,H015,GC,1440,40,0.25,5,
unique_00162,H015,GC,1440,80,0.1,2,
unique_00163,H015,GC,1440,80,0.25,2,
unique_00164,H015,GC,1440,80,0.1,5,
unique_00165,H015,GC,1440,80,0.25,5,
unique_00166,H014,HG,15,80,0.0,-1,
unique_00167,H014,HG,15,80,0.5,-1,
unique_00168,H014,HG,15,80,1.0,-1,
unique_00169,H015,HG,1440,40,0.1,2,
unique_00170,H015,HG,1440,40,0.25,2,
unique_00171,H015,HG,1440,40,0.1,5,
unique_00172,H015,HG,1440,40,0.25,5,
unique_00173,H015,HG,1440,80,0.1,2,
unique_00174,H015,HG,1440,80,0.25,2,
unique_00175,H015,HG,1440,80,0.1,5,
unique_00176,H015,HG,1440,80,0.25,5,
unique_00177,H014,NG,15,80,0.0,-1,
unique_00178,H014,NG,15,80,0.5,-1,
unique_00179,H014,NG,15,80,1.0,-1,
unique_00180,H015,NG,1440,40,0.1,2,
unique_00181,H015,NG,1440,40,0.25,2,
unique_00182,H015,NG,1440,40,0.1,5,
unique_00183,H015,NG,1440,40,0.25,5,
unique_00184,H015,NG,1440,80,0.1,2,
unique_00185,H015,NG,1440,80,0.25,2,
unique_00186,H015,NG,1440,80,0.1,5,
unique_00187,H015,NG,1440,80,0.25,5,
unique_00188,H014,NKD,15,80,0.0,-1,
unique_00189,H014,NKD,15,80,0.5,-1,
unique_00190,H014,NKD,15,80,1.0,-1,
unique_00191,H015,NKD,1440,40,0.1,2,
unique_00192,H015,NKD,1440,40,0.25,2,
unique_00193,H015,NKD,1440,40,0.1,5,
unique_00194,H015,NKD,1440,40,0.25,5,
unique_00195,H015,NKD,1440,80,0.1,2,
unique_00196,H015,NKD,1440,80,0.25,2,
unique_00197,H015,NKD,1440,80,0.1,5,
unique_00198,H015,NKD,1440,80,0.25,5,
unique_00199,H014,ZC,15,80,0.0,-1,
unique_00200,H014,ZC,15,80,0.5,-1,
unique_00201,H014,ZC,15,80,1.0,-1,
unique_00202,H015,ZC,1440,40,0.1,2,
unique_00203,H015,ZC,1440,40,0.25,2,
unique_00204,H015,ZC,1440,40,0.1,5,
unique_00205,H015,ZC,1440,40,0.25,5,
unique_00206,H015,ZC,1440,80,0.1,2,
unique_00207,H015,ZC,1440,80,0.25,2,
unique_00208,H015,ZC,1440,80,0.1,5,
unique_00209,H015,ZC,1440,80,0.25,5,
unique_00210,H014,ZN,15,80,0.0,-1,
unique_00211,H014,ZN,15,80,0.5,-1,
unique_00212,H014,ZN,15,80,1.0,-1,
unique_00213,H015,ZN,1440,40,0.1,2,
unique_00214,H015,ZN,1440,40,0.25,2,
unique_00215,H015,ZN,1440,40,0.1,5,
unique_00216,H015,ZN,1440,40,0.25,5,
unique_00217,H015,ZN,1440,80,0.1,2,
unique_00218,H015,ZN,1440,80,0.25,2,
unique_00219,H015,ZN,1440,80,0.1,5,
unique_00220,H015,ZN,1440,80,0.25,5,
