path,sha256
evidence/all_strategy_gross_returns.parquet,f2011c82b0ca8e3f3613324aa0612360764494aeb0c4b801f493abf8dae5cebf
evidence/all_strategy_net_returns.parquet,12f7b549e4aa1d993d9c3daa734d8dca1ab3c5bb62bdfbf301493b68c1fd04d9
evidence/all_strategy_trade_sides.parquet,0c6837b98860700eafb5257f2e11ce271ad3147efd45315fffba3881f33d8ec2
evidence/cost_stress.csv,73adc11dd13ad4a28e4b09ca6d887684326afd707c6d0efe13222f64eed621a0
evidence/fold_audit.csv,5ee0a11fddf66e2ccdca24f00a45b6f5ae6a51bdf3ea1c802e4819f759daeb14
evidence/run_manifest.json,73fb179470569cad028fe08a5f062b6d48113d1ede7b47f10872251322308fea
evidence/strategy_registry.csv,b4fe16e439a6ce2e4bbac9571fccf2279c716f509277ad3356dac67d9941f830
evidence/walk_forward_portfolio_returns.parquet,1946c6a8d5659679153563015ab1e71e5bfeb7f27eaf6dcc0a5cfc0f0d35f78d
evidence/walk_forward_selections.csv,d02c517506474fed10087b018196eaa7bd43ed9ead45db1cf49bdc52373073c1
MASTER_INDEX.md,0f9a3455c3b99416c29d69fa31e0872aa030235928cec6c28ee6a2957adc674f
source_snapshot/pyproject.toml,d2e8969ef1807aee27a4856205e0c303bd49a4a80763cd8442eb37456cf91124
source_snapshot/research_program__hypothesis_registry.csv,c43bdaeb18bb097e14939325a9962d3239a9a8fe1058de9ed00b4e2e42ff7c23
source_snapshot/research_program__RESEARCH_LOOP_PROTOCOL.md,7155dd3324028f8cd2704d7e9cf02eeea3aa1ce09bfd77db4af0e26782a5180a
source_snapshot/src__systematic_research__regularized_var_network.py,16675e5a1284b36ead2f158084bade868636523ac3d12dc393464aac095e56dc
source_snapshot/uv.lock,fcf2f208a4f0f6b11830ec6f32e9a209c99bde8bd014c452ea72dfb760de4f66
strategies/h021_015m_train20_ridge010_threshold0p1/6E/daily_evidence.parquet,d40086fe19c89e3b077ac962b34d406a754cd999acdaee28221c91319a7569f7
strategies/h021_015m_train20_ridge010_threshold0p1/6E/strategy_definition.json,d551978b8f44451aaac0635558fd69bfb35775202cb31336ab5afa1faaaf2815
strategies/h021_015m_train20_ridge010_threshold0p1/6J/daily_evidence.parquet,043204967a14735f967e81a0366f15b745f845601f14bbcf9f626b5371c1d450
strategies/h021_015m_train20_ridge010_threshold0p1/6J/strategy_definition.json,b9bd5bed49ae2fc24f66adaf9ebf38b8c72820cf55257ebc3092cebba5895b2f
strategies/h021_015m_train20_ridge010_threshold0p1/CL/daily_evidence.parquet,95efce98ec7d3dd7bd44a9b59f1b3128054c064df6180c571cf077ccd47122c7
strategies/h021_015m_train20_ridge010_threshold0p1/CL/strategy_definition.json,894598d8124e3daabf9e713fe4afd2f7a88ce10f26868f86625de4cafcee089e
strategies/h021_015m_train20_ridge010_threshold0p1/ES/daily_evidence.parquet,43b2ed6c141595614b6df9428a1299e1f1848af89d23d41282d8484a814f28d6
strategies/h021_015m_train20_ridge010_threshold0p1/ES/strategy_definition.json,e98855ccefc2ad1f0ebb72f8a44b1f128c34aea91dc08e64146c04decc44f1b9
strategies/h021_015m_train20_ridge010_threshold0p1/GC/daily_evidence.parquet,124106e96faed51f2dc6e636799698ed4b3ea2d325b160efcb42e89738d029b9
strategies/h021_015m_train20_ridge010_threshold0p1/GC/strategy_definition.json,808f3f762bddf854857156c8147c43bca529fc306754a2bae34547f8ab31c90c
strategies/h021_015m_train20_ridge010_threshold0p1/HG/daily_evidence.parquet,1d8c438667b061065bf2cc8ecc3fd142e1d25e61f28735eda0fbef8b2ed79728
strategies/h021_015m_train20_ridge010_threshold0p1/HG/strategy_definition.json,abbe0090d9a275c24b83d0c229f54b274373ae26390d7e48b47ed81cfd526a41
strategies/h021_015m_train20_ridge010_threshold0p1/NG/daily_evidence.parquet,a88437db1dea1724fe23d6ac213f2a852b8107bc7a6bd391979226bcb545ff30
strategies/h021_015m_train20_ridge010_threshold0p1/NG/strategy_definition.json,2d66af7b20e1584606699f9c34ddfc4cc192366f238a2c15e3d1ddbe76235c10
strategies/h021_015m_train20_ridge010_threshold0p1/NKD/daily_evidence.parquet,d6ce6eccf82a79a6f3814443bfc3f54b8131122768c7cc05aa7eea839b4eb87b
strategies/h021_015m_train20_ridge010_threshold0p1/NKD/strategy_definition.json,db3e636bfd8975bc70445f4409e260e0534511f5ac01e502a63799e704c4ab96
strategies/h021_015m_train20_ridge010_threshold0p1/ZC/daily_evidence.parquet,c69f213a5dde9d52ce5da613032af2f48192f347eb4681c18fbc85762cd8faab
strategies/h021_015m_train20_ridge010_threshold0p1/ZC/strategy_definition.json,903557a0c7077e031d15fd87302ac9e133ef5cfe36b97ee1b9f1f838379fc882
strategies/h021_015m_train20_ridge010_threshold0p1/ZN/daily_evidence.parquet,d4933a3592841e8aba9f55c0a5a61451c12c875be4c430dd8e02e740f7de5f0e
strategies/h021_015m_train20_ridge010_threshold0p1/ZN/strategy_definition.json,d911c3eae32b0134ee5a522a361e640ee93099ae80e5f522d0dd869f478e6a86
strategies/h021_015m_train20_ridge010_threshold0p25/6E/daily_evidence.parquet,0004c2f53f436651a89205eb1bfbe5335a3eda899709d3538204c6b33cfe119e
strategies/h021_015m_train20_ridge010_threshold0p25/6E/strategy_definition.json,8be087e28aa3fed935fc890ecce55840cd296ccf491d9f76e7c19b148428c6e9
strategies/h021_015m_train20_ridge010_threshold0p25/6J/daily_evidence.parquet,16e621b7e6b6f8c5cddea0008dd44d0b8cb70608e137c2fe426ff2328d741524
strategies/h021_015m_train20_ridge010_threshold0p25/6J/strategy_definition.json,a166c278493764acadf58703dfe63dd38ac9b279c39c8f14dd416a37fd3cc1c9
strategies/h021_015m_train20_ridge010_threshold0p25/CL/daily_evidence.parquet,42e2e6062970d2a63ecd884b9ba7293a7ac2c0b47caaa00522599e54f1de25ad
strategies/h021_015m_train20_ridge010_threshold0p25/CL/strategy_definition.json,e011796d87856acc7943a9f534603bfca2de415ba981beb167641eaf8c845ad9
strategies/h021_015m_train20_ridge010_threshold0p25/ES/daily_evidence.parquet,2d90a6ffedd6245e31dbf31ceeab49d4227a4036b7a982537e1679df48ceae2e
strategies/h021_015m_train20_ridge010_threshold0p25/ES/strategy_definition.json,bb6b4bae621e29082546fd51f8c5fd397dd662ddea422d1e33681fbd6643da44
strategies/h021_015m_train20_ridge010_threshold0p25/GC/daily_evidence.parquet,f1dc937f6fe34eb8eb192da70c788f16f70ccf9570f57818be9488083c7a04f4
strategies/h021_015m_train20_ridge010_threshold0p25/GC/strategy_definition.json,a94679a47ba54589dbf97fae3503825c463055d6a92275ae1985c241d6347cad
strategies/h021_015m_train20_ridge010_threshold0p25/HG/daily_evidence.parquet,cebcc647ca32eb4eb4b40375bfd0c94a3d2818185bd2d2d0b921046ed7f03f39
strategies/h021_015m_train20_ridge010_threshold0p25/HG/strategy_definition.json,2e55d4ddfc0447ee2d266cc1030869ef9e97ba4b229f1db14d65bd72f1d648ae
strategies/h021_015m_train20_ridge010_threshold0p25/NG/daily_evidence.parquet,00148eb2dba316a177a2ebdd1dbcadb06dccb7e47072c3cf73d3e08e8c5c97b2
strategies/h021_015m_train20_ridge010_threshold0p25/NG/strategy_definition.json,19d9804b6c7b1d7c3584b322c9c834c189a28cc5f784b2a1294b5d2a45f7df2f
strategies/h021_015m_train20_ridge010_threshold0p25/NKD/daily_evidence.parquet,0cee52159fb65c45f62ff938528d2c732b7647e7677ef93c067c010ed93f0f2b
strategies/h021_015m_train20_ridge010_threshold0p25/NKD/strategy_definition.json,eb06affd14a6a5bf953d341d6ebc6856ef13e57d644fcaff19e7053b7c2daca1
strategies/h021_015m_train20_ridge010_threshold0p25/ZC/daily_evidence.parquet,1db0f8d3befc6284e52ead963e4afb573bbd2b757022543f4058f3a6c9b13f85
strategies/h021_015m_train20_ridge010_threshold0p25/ZC/strategy_definition.json,597af55456ca99afbf5b514e3c74545839f5380602fb95392feb34df43615e52
strategies/h021_015m_train20_ridge010_threshold0p25/ZN/daily_evidence.parquet,f37aa7a29084827f43ba72ace0db4b4d6fa53a5469af51b982ab8844a54950ea
strategies/h021_015m_train20_ridge010_threshold0p25/ZN/strategy_definition.json,0a6c99cba08fde71879750087e8ba2763037f013ae15113aaf141c8032463ba1
strategies/h021_015m_train20_ridge100_threshold0p1/6E/daily_evidence.parquet,57088d7e944d2fa352e85de79db289aa995fc31952fa34e186aa0cc756b4dd88
strategies/h021_015m_train20_ridge100_threshold0p1/6E/strategy_definition.json,7d48b61100352852abeb2da6a78645d16ff3c16b5e703e80a972c3fb6251bfa8
strategies/h021_015m_train20_ridge100_threshold0p1/6J/daily_evidence.parquet,37bdd8a11b627c69392215b2325dd263a6d8a22b86403b13bdae0390e8a44f96
strategies/h021_015m_train20_ridge100_threshold0p1/6J/strategy_definition.json,14ebb7eb0a560e938725b9b4c02ed4383bdb3e3cdeb676944976e362e4d5063f
strategies/h021_015m_train20_ridge100_threshold0p1/CL/daily_evidence.parquet,e0ac58a2e47da270d4087d6a388881d237a4854d2a8bba1fe7f7e01299aa2f1d
strategies/h021_015m_train20_ridge100_threshold0p1/CL/strategy_definition.json,2260c7d7ae87eb44aae3fc13f59ac0456ff31fd8e39bb5a5809da3ef0221d432
strategies/h021_015m_train20_ridge100_threshold0p1/ES/daily_evidence.parquet,3c5ae7f989e44ef17c79e649f9fff3ae66b847e2cd137f6822c909edd314f972
strategies/h021_015m_train20_ridge100_threshold0p1/ES/strategy_definition.json,c5b509061f8c7c7749a260cee09d53f45daca3f6b5117eb1986f13093ffa1235
strategies/h021_015m_train20_ridge100_threshold0p1/GC/daily_evidence.parquet,1793b5834e0bea10f8a09657153d79660d3c539479dc03ec9c27a32d91f14ec0
strategies/h021_015m_train20_ridge100_threshold0p1/GC/strategy_definition.json,d5fcea8f28ea7d20981c260e9fdfb988cd4d6d9334c7e22861878fa561f11550
strategies/h021_015m_train20_ridge100_threshold0p1/HG/daily_evidence.parquet,8292b0d116ed39fe7812f2183ebd3d45a229d09fb241b9ac94b1b4d4be779682
strategies/h021_015m_train20_ridge100_threshold0p1/HG/strategy_definition.json,41138c53540bcb28290ebdb64c43f70b1b2ba863eb7817df5c31663e3bf268f5
strategies/h021_015m_train20_ridge100_threshold0p1/NG/daily_evidence.parquet,0994076536c3e2efe84a3164f544911850539f082e29e345ce0b77377e95620f
strategies/h021_015m_train20_ridge100_threshold0p1/NG/strategy_definition.json,7250e3d87933b443bfce47476aa0e32961c67218aa8f5b747eb56ca97d84c7c2
strategies/h021_015m_train20_ridge100_threshold0p1/NKD/daily_evidence.parquet,28adc8213124faa918f1fb02991b82f6e5c5147f41e54e59b50d7d370e4f9bc6
strategies/h021_015m_train20_ridge100_threshold0p1/NKD/strategy_definition.json,8974dd183cad4fbcab6d3a0ede0a77f12e67439962f9ac9dfb23bb8df5c9f7c6
strategies/h021_015m_train20_ridge100_threshold0p1/ZC/daily_evidence.parquet,491fcef1e5ab314a7b5be417119e1cfa9073832d541a9966900188e4e2b248e1
strategies/h021_015m_train20_ridge100_threshold0p1/ZC/strategy_definition.json,01b08a83b0109f4c60111dfc25b768378b7de45e98ed63ce940056e4aead5099
strategies/h021_015m_train20_ridge100_threshold0p1/ZN/daily_evidence.parquet,4d8408ea0b06e44321be5ee04936f8651f4b71ddde7007333c92bae0f141e216
strategies/h021_015m_train20_ridge100_threshold0p1/ZN/strategy_definition.json,cfed9ed9d253e4a15fca6159afcaa801be191a1df555f4f3d8c267d72474dad1
strategies/h021_015m_train20_ridge100_threshold0p25/6E/daily_evidence.parquet,d860374ae8a0a9bd4d515a66697131b138ba02202ca3a7e2bec7031f475ba045
strategies/h021_015m_train20_ridge100_threshold0p25/6E/strategy_definition.json,d7356e24f5c134b848e99ab8c344e934fc33861bb5b5491e538f5c3526e25d44
strategies/h021_015m_train20_ridge100_threshold0p25/6J/daily_evidence.parquet,b8adc8b20a611bd24fcaa8b5ac1dae80057768fc2fb5133becb380ccbfa57731
strategies/h021_015m_train20_ridge100_threshold0p25/6J/strategy_definition.json,8c710886949f9102c32677485153cdc0ddf27f125e9fb661c7801fe7edd52ac0
strategies/h021_015m_train20_ridge100_threshold0p25/CL/daily_evidence.parquet,06604209b7c692ca9fae444832e4cf735696f8fd823eaa1fbf83ee995df147a1
strategies/h021_015m_train20_ridge100_threshold0p25/CL/strategy_definition.json,c0cee07dc982f68efefa2a6bf7500536c1bae47c540b642a231360b0cac5202f
strategies/h021_015m_train20_ridge100_threshold0p25/ES/daily_evidence.parquet,1acb154724e98f72648399152e83e79f353f57342e0a1a1ddc6ad14b9670a646
strategies/h021_015m_train20_ridge100_threshold0p25/ES/strategy_definition.json,ea075d1019d4249f775c09cf514d391ca08ecf80dc3c82b6787591175265dc0b
strategies/h021_015m_train20_ridge100_threshold0p25/GC/daily_evidence.parquet,9e623111f12f13f8e2ca2d32dc290c03d23c2cf96a7c6242a6d4f8e5a32eb05b
strategies/h021_015m_train20_ridge100_threshold0p25/GC/strategy_definition.json,4826c1a1df220441e1aff259cd05be2c9d39953225e674659d08d90c1dd5c8f3
strategies/h021_015m_train20_ridge100_threshold0p25/HG/daily_evidence.parquet,680d2ecaf73871bacd3db6aa6320b595516e5cc083f1b5b25d1ab3f3de2bfb66
strategies/h021_015m_train20_ridge100_threshold0p25/HG/strategy_definition.json,ab5a908280e2f7b33f039e08c25545b924c66be885ebd7e728b3b9d0febd3455
strategies/h021_015m_train20_ridge100_threshold0p25/NG/daily_evidence.parquet,feeed01bed092718971645ccace88f95c98579df09a932f3d90e79b8b18a0d45
strategies/h021_015m_train20_ridge100_threshold0p25/NG/strategy_definition.json,c9d60e29921078c3735665ddfa1f18f0cc7726ce0b32d5f67f039b0f74ef71a6
strategies/h021_015m_train20_ridge100_threshold0p25/NKD/daily_evidence.parquet,9f003f3a14788e34d38b9a8976c60ce00b224b69e245d2f84e37a327436bbd26
strategies/h021_015m_train20_ridge100_threshold0p25/NKD/strategy_definition.json,9db8888c3dd49f6c74ed9a1cb240a6fb69da948b26581f02c498381b28f52abf
strategies/h021_015m_train20_ridge100_threshold0p25/ZC/daily_evidence.parquet,00e5a865b4eb75c45501be09e9a4796aaf3d582dc35c173a29d985fd6004d09a
strategies/h021_015m_train20_ridge100_threshold0p25/ZC/strategy_definition.json,5c6eee2b4505c84be4a13cae8c16f03afc8e06e11803d024dcb7b24127b1ee32
strategies/h021_015m_train20_ridge100_threshold0p25/ZN/daily_evidence.parquet,d25b5735f633cbe53d5a102bf529faee9de0035729446675282ac32edc94b40e
strategies/h021_015m_train20_ridge100_threshold0p25/ZN/strategy_definition.json,1a27a034de728851ae78cc9dea0056b3bfb3bab987617cac0a45a99cdfcd126a
strategies/h021_015m_train40_ridge010_threshold0p1/6E/daily_evidence.parquet,e3c3299497602deec77640d9fd942bccf012f29f6277f009a3609f4103e1ef40
strategies/h021_015m_train40_ridge010_threshold0p1/6E/strategy_definition.json,4572772be4c684104595cf0ae2a382d0d4af16faa9363a36efb09409580b4869
strategies/h021_015m_train40_ridge010_threshold0p1/6J/daily_evidence.parquet,1c0e0a99079eeb61e5b1dbbb31c88f5cd2afb7598c3ea51d169776a1690cd9de
strategies/h021_015m_train40_ridge010_threshold0p1/6J/strategy_definition.json,fa666804e0f7601c0463d0a156b0ef946d08d914b0d94299ee1916b585f9b986
strategies/h021_015m_train40_ridge010_threshold0p1/CL/daily_evidence.parquet,8793f0244074090988c686140ff84bf534ae2f94ba440b9691c6421c51e4373f
strategies/h021_015m_train40_ridge010_threshold0p1/CL/strategy_definition.json,01d87fd240e5d1570d334e2a5e10e00c986191acff141961d23ac17c3492e722
strategies/h021_015m_train40_ridge010_threshold0p1/ES/daily_evidence.parquet,66688d0ebdb08b5b19d95ad120e35c087d85366fe3ecba16ce85a65ad39b4c30
strategies/h021_015m_train40_ridge010_threshold0p1/ES/strategy_definition.json,c3447e94185b600beb17fc1144d76fdb887da8ad2cee4f8643ad3ca9c30dd511
strategies/h021_015m_train40_ridge010_threshold0p1/GC/daily_evidence.parquet,48ee629319e1faef53849bb78408f0faa616f0095a5a54e94d671ad31a0af4a2
strategies/h021_015m_train40_ridge010_threshold0p1/GC/strategy_definition.json,c44f92f7d4e2f062c66daa8edbad7e3ded25607b1b564a2052156d02443ce137
strategies/h021_015m_train40_ridge010_threshold0p1/HG/daily_evidence.parquet,94b3997581a954ad63a6562ba3ede9d08079946d0d81207ab0e5228d26896f7d
strategies/h021_015m_train40_ridge010_threshold0p1/HG/strategy_definition.json,27215e7cd29f9f649b4f819a7d4fc622ad707f3a0b9bfa5194a2d4abfa09bd42
strategies/h021_015m_train40_ridge010_threshold0p1/NG/daily_evidence.parquet,0d5206c0f81fe592a87522f3d0490137205349c7b0a21673d314267ed39d7e87
strategies/h021_015m_train40_ridge010_threshold0p1/NG/strategy_definition.json,9fce87de21d6a26f02581ed842de8ea70a69705b4b1da7737d5d56a7491d94ec
strategies/h021_015m_train40_ridge010_threshold0p1/NKD/daily_evidence.parquet,744c097cedb10785f1a33b663c6a5bcf9bfbee1bab5d14ef8f5cf5fc27c8d511
strategies/h021_015m_train40_ridge010_threshold0p1/NKD/strategy_definition.json,f7ba28e23984724ec1305519d1a58d5785de968752d0150860d8f5f4a600a23d
strategies/h021_015m_train40_ridge010_threshold0p1/ZC/daily_evidence.parquet,8c8b75f1de2ed29c58aa3c8e1fdab45d0c28de6c92a47d8be1314fd263d1aef1
strategies/h021_015m_train40_ridge010_threshold0p1/ZC/strategy_definition.json,1947574e7a99cdd9c012de9ca8dbdab4b622a9f216a35b069d058745cc4cef6d
strategies/h021_015m_train40_ridge010_threshold0p1/ZN/daily_evidence.parquet,f16b52fe6ed42f1316249f3f92e9990ebbbe9d479bd5f9c3ae23087c2ac68d62
strategies/h021_015m_train40_ridge010_threshold0p1/ZN/strategy_definition.json,7059c3fd0093d15cabcc2a289f5cd634ef7c32e61a8a8f678773eae85c0d7207
strategies/h021_015m_train40_ridge010_threshold0p25/6E/daily_evidence.parquet,a67a9f0aceb611c31e111676c7952b471b777e3694e23a97817c4d5739baf0b1
strategies/h021_015m_train40_ridge010_threshold0p25/6E/strategy_definition.json,2febbeac107efaeff119e35e5dbac3aea95d73a8da66b232dddeea98f97269ff
strategies/h021_015m_train40_ridge010_threshold0p25/6J/daily_evidence.parquet,4b2ffbc68cb1d139833e2992baeb73fcd69f09a683568f87c0ce0e08dee5a7b6
strategies/h021_015m_train40_ridge010_threshold0p25/6J/strategy_definition.json,75f87ed77bfdbdf9aee71cb8c7e02b4eecfa4d6a2f8783153ba937299169342b
strategies/h021_015m_train40_ridge010_threshold0p25/CL/daily_evidence.parquet,f40e293f23d3f662b818d77e1576c5f98cbcab6c662e84ea84e242cffc6bbb2d
strategies/h021_015m_train40_ridge010_threshold0p25/CL/strategy_definition.json,9025ee5614fdcdc95585ccd11852a01f3049aa9a7ad9714c9c5378786650c041
strategies/h021_015m_train40_ridge010_threshold0p25/ES/daily_evidence.parquet,a097bbc3ed9ceb8fc3f6603fd2786e5433bc8f88ab4baf79490823dc2cf5c521
strategies/h021_015m_train40_ridge010_threshold0p25/ES/strategy_definition.json,0e592a99390b2a3ef14dfb6d9a7398797c15ec376e3dc03e462491fd3a2c7106
strategies/h021_015m_train40_ridge010_threshold0p25/GC/daily_evidence.parquet,3636879fec3f7afb18a82ef71e43eee59395b0d01696ae33b5a9626a2b786bf2
strategies/h021_015m_train40_ridge010_threshold0p25/GC/strategy_definition.json,59d4f6eddd3a2142070f0f4ea5430a8ed1934a6160f3d8602c9e56c160289899
strategies/h021_015m_train40_ridge010_threshold0p25/HG/daily_evidence.parquet,d05b153f7838f8d560d0dbd77b616bddb560b727c0e75f9fa9bec479814cf8d2
strategies/h021_015m_train40_ridge010_threshold0p25/HG/strategy_definition.json,44086c55a482b38186c6aad5dd92a509d4193986eba596727a51ce619d135525
strategies/h021_015m_train40_ridge010_threshold0p25/NG/daily_evidence.parquet,ed826e6bb3faf44af8ce908e8cfe8182ef409c6320a3510b5c3c142327419318
strategies/h021_015m_train40_ridge010_threshold0p25/NG/strategy_definition.json,126dd553abd10de9187104c6d26a03880da887a46e7773ae0d4c63ec0128d823
strategies/h021_015m_train40_ridge010_threshold0p25/NKD/daily_evidence.parquet,1f2255d2d6ea04285f12cc475cea82daeb6763a5a2a7e9d02cbdbee727e79665
strategies/h021_015m_train40_ridge010_threshold0p25/NKD/strategy_definition.json,1da51ed5487707c03e82484901e83c6e949f22db1e40344bda268074ea314e0e
strategies/h021_015m_train40_ridge010_threshold0p25/ZC/daily_evidence.parquet,1ab3bad46175e796b859ae497e0788c9a766e8a4b4190d4a19f1f2f7579abfbb
strategies/h021_015m_train40_ridge010_threshold0p25/ZC/strategy_definition.json,23e86f4876e14a575e4e528e981587797cbb09965c957f382cc1f7b5385ec044
strategies/h021_015m_train40_ridge010_threshold0p25/ZN/daily_evidence.parquet,e698c90c4ab834e1bef95083a38ac1d6e45d143694a6189351cd2b80be17dee3
strategies/h021_015m_train40_ridge010_threshold0p25/ZN/strategy_definition.json,30e8efbaccaa06e3c24b734730d2bc31bdebd536f07927809db2a6f93894ea2c
strategies/h021_015m_train40_ridge100_threshold0p1/6E/daily_evidence.parquet,43cae45d1792a812b1a596d0b739c6de26fbf0e6a32573e67fd68e590c2ab83f
strategies/h021_015m_train40_ridge100_threshold0p1/6E/strategy_definition.json,f3d8028a4d932e8510231f9cb1db0356ba4516fed661d82580fe9d166d7fa24e
strategies/h021_015m_train40_ridge100_threshold0p1/6J/daily_evidence.parquet,441b2df84834071d22e5d2ce84770505f283f5b1694e5c5a9f0e99f18cfd5892
strategies/h021_015m_train40_ridge100_threshold0p1/6J/strategy_definition.json,237db2883f77387215dd7623a04b6bb15eb137a4375c6d285932a036f8b2563e
strategies/h021_015m_train40_ridge100_threshold0p1/CL/daily_evidence.parquet,a2ffc6f8331c14ea1376fc6329f40dfe04d164daa8f3fc30a2a4eda98ac888d0
strategies/h021_015m_train40_ridge100_threshold0p1/CL/strategy_definition.json,a6cad1e9a47cb773be02b64a594eedfb3d63cec4913ae4b718c7905fdc9c4085
strategies/h021_015m_train40_ridge100_threshold0p1/ES/daily_evidence.parquet,7423784e319cd5355bc8bbc0ef8762b9bacb7cba91c67dc4a9f49e13bba58ef4
strategies/h021_015m_train40_ridge100_threshold0p1/ES/strategy_definition.json,6d510b92714fa83d1d558d7151439376322e6672f69edd60eaf0a9498c27d2c3
strategies/h021_015m_train40_ridge100_threshold0p1/GC/daily_evidence.parquet,f03d9d2d71492654a262108b9e17ae3ac0fd544cf482430898f026d6f0dc0bfa
strategies/h021_015m_train40_ridge100_threshold0p1/GC/strategy_definition.json,a807ade86ae10ff60b9468bdfd8a11b0aa879e7d07cdb84dc2a6c6389eb156b9
strategies/h021_015m_train40_ridge100_threshold0p1/HG/daily_evidence.parquet,e2a29813d540ce7e254f810eaef4549322495a7cecc7b6dc98127dfd2a969911
strategies/h021_015m_train40_ridge100_threshold0p1/HG/strategy_definition.json,2d7417b6189b8cc25c803bc5bf586afbb390eefff62680884d978c5d48367ead
strategies/h021_015m_train40_ridge100_threshold0p1/NG/daily_evidence.parquet,d69445e9bd22a7c2f3d712bd38a332a459abb5c9dc7a5bacb14613dca3c91e30
strategies/h021_015m_train40_ridge100_threshold0p1/NG/strategy_definition.json,b4cd78b8d8e53276a319131667792a1e49907a41ab0dd501a687ec32072ed791
strategies/h021_015m_train40_ridge100_threshold0p1/NKD/daily_evidence.parquet,5996bfde7384abb8cdcc853ae63e31ad95d1cd18f7f578b7292c68f8917f9643
strategies/h021_015m_train40_ridge100_threshold0p1/NKD/strategy_definition.json,4fb3a5609a8e49bef35a75149c10b498dad1126a22479074521de0b19a7b1eb6
strategies/h021_015m_train40_ridge100_threshold0p1/ZC/daily_evidence.parquet,e66fe845fdf00a55bb43fad05abba3a407be0359a8db5a2bd08b90f9fd0bd65e
strategies/h021_015m_train40_ridge100_threshold0p1/ZC/strategy_definition.json,656668ec0593776418d030e91673f35622a813a0eb7630c79c8d5c4f31d91b3f
strategies/h021_015m_train40_ridge100_threshold0p1/ZN/daily_evidence.parquet,4f101b4deb16233c35674da47d0888de5af0de574395aca4258c9b3cbc4c8bf8
strategies/h021_015m_train40_ridge100_threshold0p1/ZN/strategy_definition.json,941b107c01102db685e6e331680bf6b480b65cf861474237ffdaf0417ef6ea5c
strategies/h021_015m_train40_ridge100_threshold0p25/6E/daily_evidence.parquet,14e3a5ae6d23a3e4e602b406a5a27ec7a420e6b05e18607d5da272920b17c8d6
strategies/h021_015m_train40_ridge100_threshold0p25/6E/strategy_definition.json,b72087d79aa577068f14bc800eaf8d8f919131eac9dddfa0a78d9c97ff3a5464
strategies/h021_015m_train40_ridge100_threshold0p25/6J/daily_evidence.parquet,7fc47c3544a694b7833bce64bbbda261766e70a4c0a36d42b9c4af67e806bdd2
strategies/h021_015m_train40_ridge100_threshold0p25/6J/strategy_definition.json,c043b1f3f0d888030832328eeaf4903c78ae4ca87e64ed3e9d3f595e0b7155dd
strategies/h021_015m_train40_ridge100_threshold0p25/CL/daily_evidence.parquet,d0fed28b160c6b46d6bce6625cbb0108a7ebb9f8756325d47ed4314bef8d7133
strategies/h021_015m_train40_ridge100_threshold0p25/CL/strategy_definition.json,07574bc03667e1ab058c7830007fbe2b91ad69fe291cb4da4cf2b19922d7136f
strategies/h021_015m_train40_ridge100_threshold0p25/ES/daily_evidence.parquet,9b855fa292aa48a91c96fd5116be1e9896d5b1fff3ebdaa7d1c9e15b487e755d
strategies/h021_015m_train40_ridge100_threshold0p25/ES/strategy_definition.json,1b04034202354e22bfb0d97a3919e1d397513c093c9ce2196cdb24b1cf08e733
strategies/h021_015m_train40_ridge100_threshold0p25/GC/daily_evidence.parquet,41218e446c9f633a189f94656cabfe8e8b6d4368d9eadc08fb6bb73f8b4f3e18
strategies/h021_015m_train40_ridge100_threshold0p25/GC/strategy_definition.json,7927e3d8b03f117403555ffdc1213702fe891701c6966bd8828eb6f262a412de
strategies/h021_015m_train40_ridge100_threshold0p25/HG/daily_evidence.parquet,4e936c521fabd671349579a7e743c31bd245c334e5c720aed90f775b1e6db80b
strategies/h021_015m_train40_ridge100_threshold0p25/HG/strategy_definition.json,47b1c204b67fcf3e4687cbabb3e903e413f782b464310897750c048a17e4b11a
strategies/h021_015m_train40_ridge100_threshold0p25/NG/daily_evidence.parquet,9f45b5a93d6d9d0cd51b2d2808841a6dbc165fdb3d67c42fb149130910a8b62f
strategies/h021_015m_train40_ridge100_threshold0p25/NG/strategy_definition.json,18505368a4002d4cb69e70417c3e7a5bdcf3cf7661658496ebb7cb8e6015a942
strategies/h021_015m_train40_ridge100_threshold0p25/NKD/daily_evidence.parquet,55874ef04b54764196f66948ebd2e172c7b2a191fef73f5311029f30c219b0cd
strategies/h021_015m_train40_ridge100_threshold0p25/NKD/strategy_definition.json,5b293c5ad21dce2cc0722714cb107e4567cc6ae5208f08316df22f4ebecf253d
strategies/h021_015m_train40_ridge100_threshold0p25/ZC/daily_evidence.parquet,f8366c10c93bfd981bd3d7cc3763ca2ef51684f524439717f167182fd2067c4f
strategies/h021_015m_train40_ridge100_threshold0p25/ZC/strategy_definition.json,b309132aef516c14720006852105d4b618dccf96991aae72fe3d884a43c6d43c
strategies/h021_015m_train40_ridge100_threshold0p25/ZN/daily_evidence.parquet,295631ad5252ebcb93dd65341a4db40b737ed36c098713dc42ddd588d602fd0b
strategies/h021_015m_train40_ridge100_threshold0p25/ZN/strategy_definition.json,9e66c0b3a68c90a891213f73a587db2b05913491ef36f4cb7e11b0c61993bf58
strategies/h021_030m_train20_ridge010_threshold0p1/6E/daily_evidence.parquet,2b825f248b56e200be8066a76d193023a7a52f7c81c16cf67af0ae1171c2c347
strategies/h021_030m_train20_ridge010_threshold0p1/6E/strategy_definition.json,4089a613f5cc36279b25f09b93567aa3452dcfd978e57e60c76bf857b767211b
strategies/h021_030m_train20_ridge010_threshold0p1/6J/daily_evidence.parquet,85dd47275eb828544f8d58c94a01654716533037f7f60d3854c669812fa8ee9e
strategies/h021_030m_train20_ridge010_threshold0p1/6J/strategy_definition.json,774d3ab384afc3b108bed70ea34f7da4b652d123ec12592c3eaeff05e77bb61c
strategies/h021_030m_train20_ridge010_threshold0p1/CL/daily_evidence.parquet,53a54e0e41f1417c43be43206deb2214c3b6e1d0d842ec1bcb26f42452377332
strategies/h021_030m_train20_ridge010_threshold0p1/CL/strategy_definition.json,486d9bd77d2e5a4be46120feee8568a37698d52f0d4c184d553855d07a0e562c
strategies/h021_030m_train20_ridge010_threshold0p1/ES/daily_evidence.parquet,10795508fce274ae64fb897d505dd857f93ea2523bfd75fcf0ef1ed9037d5843
strategies/h021_030m_train20_ridge010_threshold0p1/ES/strategy_definition.json,9108deb65c773acdbbfa6fc1f2a30c771cc713fa9f4967975ed4130f33f1277a
strategies/h021_030m_train20_ridge010_threshold0p1/GC/daily_evidence.parquet,43ae10312f205feebd212d6a5fbf3b1e50d29c34a984909539026381d7a616c8
strategies/h021_030m_train20_ridge010_threshold0p1/GC/strategy_definition.json,0722bcc869a7af1c003107baf32dcb8b1dcf7d8696a49287b31917be1bb98c2e
strategies/h021_030m_train20_ridge010_threshold0p1/HG/daily_evidence.parquet,0b756574474b4b25e35a7ed774bc6804355130f6926b1cc91d9ce3641c442382
strategies/h021_030m_train20_ridge010_threshold0p1/HG/strategy_definition.json,511012d356f9bb94d775228e1314c9ba975a4f2e68013877a3b59fc69a389f2e
strategies/h021_030m_train20_ridge010_threshold0p1/NG/daily_evidence.parquet,9f9b458a61a03ae960a01f6e4ca7bbe9fb22ef9a436b28f105758017825397c9
strategies/h021_030m_train20_ridge010_threshold0p1/NG/strategy_definition.json,f08c2a4daba3e8e23adf1724cc166d7e8c9fe54b667e9d5dfee0b826635af6ec
strategies/h021_030m_train20_ridge010_threshold0p1/NKD/daily_evidence.parquet,dda6fdaff9f8194692dae232824c465759169fecfb0710d5607c86055521864a
strategies/h021_030m_train20_ridge010_threshold0p1/NKD/strategy_definition.json,ce7f36ad4a984871c6930d942a96bd72181dff417e55796499298f416ba98737
strategies/h021_030m_train20_ridge010_threshold0p1/ZC/daily_evidence.parquet,c8cfba497ef0584ab6df36f9ac9e43ca2915049d5b280d3c5beb8f873f69f895
strategies/h021_030m_train20_ridge010_threshold0p1/ZC/strategy_definition.json,409887d0dade41cb968760c524606ca3face1a17a289c7ebbfcbe77eedc6a4b3
strategies/h021_030m_train20_ridge010_threshold0p1/ZN/daily_evidence.parquet,b275d7ecda2b63aa4b388208a013f6511ae3ee088fc0e6d74937d90cb62ea905
strategies/h021_030m_train20_ridge010_threshold0p1/ZN/strategy_definition.json,9ae963956e97bb59612098e54ce2c67e56824d8d190958beba56668e6f2bccf6
strategies/h021_030m_train20_ridge010_threshold0p25/6E/daily_evidence.parquet,fd05afff1427c120c4c4992fc92a983d2938c7a2e869a36990b6178f74269eda
strategies/h021_030m_train20_ridge010_threshold0p25/6E/strategy_definition.json,6560935cf86a7c690be92546202bc6c1372aa22e07d93e8e22d8e8952c0761ed
strategies/h021_030m_train20_ridge010_threshold0p25/6J/daily_evidence.parquet,4f29c9bdaa144114a3124988ba04b80b8a519fcd2e1f58dad47857a34a3295be
strategies/h021_030m_train20_ridge010_threshold0p25/6J/strategy_definition.json,cde4ca70ebe370ce7cd46b78f8122df535bc4a8212baddf7d63b5fa416decaf8
strategies/h021_030m_train20_ridge010_threshold0p25/CL/daily_evidence.parquet,5d0671214c38bb464fefdab2a3fde35e132bb66ecaf5a929494d19db9652e79a
strategies/h021_030m_train20_ridge010_threshold0p25/CL/strategy_definition.json,35df8d89dbe86745e0da23f56cd8b95ee3d419d80c16681db42d4079f5da800d
strategies/h021_030m_train20_ridge010_threshold0p25/ES/daily_evidence.parquet,f0333d83c451cd8184207076a103b76ab69218381eda858d508fe000aca77399
strategies/h021_030m_train20_ridge010_threshold0p25/ES/strategy_definition.json,3e1facb89d9e0ccb3fc11cec0f4a8219c666dcaef8abc76f7d759b0d131c5c2b
strategies/h021_030m_train20_ridge010_threshold0p25/GC/daily_evidence.parquet,4bab4a676cc4ccfff9cde8d3166d110a480cbba26f92b20aeb83848ab0ba340b
strategies/h021_030m_train20_ridge010_threshold0p25/GC/strategy_definition.json,fe6a717040a872d720bc8cb454f141e5ddbc6f457d6cb6edc223a405ed8ca85f
strategies/h021_030m_train20_ridge010_threshold0p25/HG/daily_evidence.parquet,619d0c5e49ec0c6053613344a5ca4edd2b9d3790542c1ffef37d761dec631d7f
strategies/h021_030m_train20_ridge010_threshold0p25/HG/strategy_definition.json,cda5d5a541f60f1b42f0b509b18e27a7701f63913274918f5f78f6611b8be7ff
strategies/h021_030m_train20_ridge010_threshold0p25/NG/daily_evidence.parquet,99084e7190051d6118ac08b39cea58d79938bb3ca85870f5777b5185a4e99a9c
strategies/h021_030m_train20_ridge010_threshold0p25/NG/strategy_definition.json,1fca756d058f835993401fb7f33194e5f6b30a7930f6bb48fde3438e976d0641
strategies/h021_030m_train20_ridge010_threshold0p25/NKD/daily_evidence.parquet,0311e2f8551daf88d27448c7e2acb0fce4f81e1a27b56a61d366446737b64eb1
strategies/h021_030m_train20_ridge010_threshold0p25/NKD/strategy_definition.json,2e14f619756c2ceacaa9c3ed6fc710efca3984e418464dd3ed08f04e3c135cc2
strategies/h021_030m_train20_ridge010_threshold0p25/ZC/daily_evidence.parquet,3751149d3ddc4e73f63963be262eb4db53426fa55cca08d53ea720b114d996aa
strategies/h021_030m_train20_ridge010_threshold0p25/ZC/strategy_definition.json,7fea4d3b6d5f6474ea1d4a9a57a9488f38b68568343dcf301abd7ea86e4d110c
strategies/h021_030m_train20_ridge010_threshold0p25/ZN/daily_evidence.parquet,5f3a6e34079a9956b8f39e5fa085045d14f32eaf480d32744fcd1651539d414c
strategies/h021_030m_train20_ridge010_threshold0p25/ZN/strategy_definition.json,17222bad6bfef2a14421c75d06dd9d894e14ea073f6c419c509667cdd701f23f
strategies/h021_030m_train20_ridge100_threshold0p1/6E/daily_evidence.parquet,f4819c6fa1dcc7f21f88b58b95f4f93834eaf060aa32c9716aad4ec69254d2c8
strategies/h021_030m_train20_ridge100_threshold0p1/6E/strategy_definition.json,856b201eae82e34f34b49f8802ea5148435b60351e075516dbbf37e56e2d4f5a
strategies/h021_030m_train20_ridge100_threshold0p1/6J/daily_evidence.parquet,f3079c7808a91237d8e7b4efde32103ff3f81571d5a38a31183617bf249ba381
strategies/h021_030m_train20_ridge100_threshold0p1/6J/strategy_definition.json,34b0030e7353e798579dc43a9f5f699288ae64f56c3aab0ffbb8be9e041a778b
strategies/h021_030m_train20_ridge100_threshold0p1/CL/daily_evidence.parquet,6059fc395e6872e4d1ce616fb72ce97d4caf9e78fee038ccf4b6ecc0bb9e817c
strategies/h021_030m_train20_ridge100_threshold0p1/CL/strategy_definition.json,7aa69c35a3fb9225d19d7b2dc2cea22e9018b2c95ccf4bd788756cd1a91ddf0e
strategies/h021_030m_train20_ridge100_threshold0p1/ES/daily_evidence.parquet,5e8634e3c3d78127b2cbd3d5b2d6c7b5c47d3463d02b5ba670b8892b653ffee5
strategies/h021_030m_train20_ridge100_threshold0p1/ES/strategy_definition.json,aee5671bc7b7beb836b065d0b52aaec1cf26765d44a0dc5b81dc9decd9eccbb4
strategies/h021_030m_train20_ridge100_threshold0p1/GC/daily_evidence.parquet,9166bfc1aaf411c334643efb3c50036047c625234a5fe1a14b370378a23c87cb
strategies/h021_030m_train20_ridge100_threshold0p1/GC/strategy_definition.json,4c6661dcb1620e25e7902feffd287ab9311ab9662e716d275b75384f355abf60
strategies/h021_030m_train20_ridge100_threshold0p1/HG/daily_evidence.parquet,fcd376ccf3f8e50941f21953f9ce71be5e8f55c69d93872abe953819d33a0d58
strategies/h021_030m_train20_ridge100_threshold0p1/HG/strategy_definition.json,4657c1f25afbbe28f66cc2be462b80456e004cef72baed1d142971a79c8eca44
strategies/h021_030m_train20_ridge100_threshold0p1/NG/daily_evidence.parquet,ea64d1a42475cfdd03ee9b83da92e9ebfe20bfb989053a8fd7886b8f8e295ec9
strategies/h021_030m_train20_ridge100_threshold0p1/NG/strategy_definition.json,966394c836840992834fc6b33a04d4196548cde82b9dca85eff90692c693d52a
strategies/h021_030m_train20_ridge100_threshold0p1/NKD/daily_evidence.parquet,72e60e9f0b4df05534adec97f9a495d73bcf4ec9f81977f8a26cb63d916da032
strategies/h021_030m_train20_ridge100_threshold0p1/NKD/strategy_definition.json,3c0be43bde5250c6044ab3cf6d9d4cb14b1c554c7e1d1a5a5a51fe10ab7f7bf8
strategies/h021_030m_train20_ridge100_threshold0p1/ZC/daily_evidence.parquet,92231a45602e06bd3e9d34fb8838c7d98fcb28dd0938d4eaa8a4f88c403e1a96
strategies/h021_030m_train20_ridge100_threshold0p1/ZC/strategy_definition.json,e1df6504af5c3f4636f3d28761b03a9f5d230e8da5be4e2006450ba2cf45c7d8
strategies/h021_030m_train20_ridge100_threshold0p1/ZN/daily_evidence.parquet,f207986c1eca591a825a47336eadef62cdb9766cd2f907efdf0a2168c0f8de1b
strategies/h021_030m_train20_ridge100_threshold0p1/ZN/strategy_definition.json,56c16f708f3ee47d12b6e9cceb84f3c7ebba4d5ee19aa5a0909eb4c8cc8be4c3
strategies/h021_030m_train20_ridge100_threshold0p25/6E/daily_evidence.parquet,d8069bafa4717d068c13b2569c147244ba600f222b414b9524f342a31adae1ed
strategies/h021_030m_train20_ridge100_threshold0p25/6E/strategy_definition.json,abfe0d3fabb6b8885ad4e861400a72ea49cc4913f2dd64b72edf7aa12106483d
strategies/h021_030m_train20_ridge100_threshold0p25/6J/daily_evidence.parquet,751bceb31ac780a4999abdaa9ce53e8462d584e8ea48da83a79bfcfeb4d4d5fe
strategies/h021_030m_train20_ridge100_threshold0p25/6J/strategy_definition.json,66ab70eaaf559ab66d0fbba13033717971bf618a08b6f37e495cd550cadc1575
strategies/h021_030m_train20_ridge100_threshold0p25/CL/daily_evidence.parquet,ad6e165547674271c1829ac23497f8823ddcf29be2aa333f15238b13e630dbc8
strategies/h021_030m_train20_ridge100_threshold0p25/CL/strategy_definition.json,1ceee1f484973004aff05137eeb571c2de8ecde858ceb979810aa7fa4a23f86f
strategies/h021_030m_train20_ridge100_threshold0p25/ES/daily_evidence.parquet,753ebb42766ff4b72e666b44a0ea248dbecd0ff5c35bfab12dc265a3917a3ff5
strategies/h021_030m_train20_ridge100_threshold0p25/ES/strategy_definition.json,3b7d5be0d6c79a71c73e7bc4563fb34b0ded0774509704df1ff6c6467cdcf5e2
strategies/h021_030m_train20_ridge100_threshold0p25/GC/daily_evidence.parquet,47b9268015c4293847e22be69f2f33e95e00f3875447f0612f5b164f5318c109
strategies/h021_030m_train20_ridge100_threshold0p25/GC/strategy_definition.json,c8127f1c4c1efea6c45c322a8cc8e4fc4631792bf314d0b83a3c3dda9c30488d
strategies/h021_030m_train20_ridge100_threshold0p25/HG/daily_evidence.parquet,acc4cbda83f1fa8a9918c24a4d9c9447d2a478ca90650bb7e44e3b73b86697da
strategies/h021_030m_train20_ridge100_threshold0p25/HG/strategy_definition.json,e4b1681739f5ce248bea8cbae4a12ed55c1550326ba272cded2bbcb34f6ec452
strategies/h021_030m_train20_ridge100_threshold0p25/NG/daily_evidence.parquet,6411229427afada38c3e3b85d2b698d2decaf8625ea6b17ca512564eb90f0236
strategies/h021_030m_train20_ridge100_threshold0p25/NG/strategy_definition.json,01e2c51950a8d52a42415e2bd5f21bef4df17a3d88ab8cb21d1a26ee504e0570
strategies/h021_030m_train20_ridge100_threshold0p25/NKD/daily_evidence.parquet,244f842a7f66ca6f8b6e01e3cfb598169103f9390365180dcccc0bfc90e39913
strategies/h021_030m_train20_ridge100_threshold0p25/NKD/strategy_definition.json,35492a6ce0699b25f5d87479a735034c8ee4863891338ff0dc4c518b9879aa0a
strategies/h021_030m_train20_ridge100_threshold0p25/ZC/daily_evidence.parquet,dd287acea0c310b5a4f745449daf9f74e6635a23eefd85f59527fe74faf7ab0c
strategies/h021_030m_train20_ridge100_threshold0p25/ZC/strategy_definition.json,33970919b75fa4739f61b556ad5b8668ee9bd9ec642386bd7e8ea2c210e84780
strategies/h021_030m_train20_ridge100_threshold0p25/ZN/daily_evidence.parquet,49ae1c1442a53c431fed4822d87b0d60bb23d82528f3c09687ea2e288b640061
strategies/h021_030m_train20_ridge100_threshold0p25/ZN/strategy_definition.json,efa17139b5c95be12a9ea68e73dc0e527d2b2d7fa6ac2068e33506a3a204c70b
strategies/h021_030m_train40_ridge010_threshold0p1/6E/daily_evidence.parquet,6d018e522ec723091fb555e13162b9a3dd65b792ff3f3a516655af793f853d35
strategies/h021_030m_train40_ridge010_threshold0p1/6E/strategy_definition.json,ab45922cb0698eae5af2aafc28c8827dc24623696b0e4895d421812b86589553
strategies/h021_030m_train40_ridge010_threshold0p1/6J/daily_evidence.parquet,236b24e37f36de3a9d56c2ba26a078878aa5e044f53bb531f79cc67a7c6ab77c
strategies/h021_030m_train40_ridge010_threshold0p1/6J/strategy_definition.json,03a59fe19132d928623a79edac678ff7082bef2117ec5a02b573b8c0582482b5
strategies/h021_030m_train40_ridge010_threshold0p1/CL/daily_evidence.parquet,1dd5d52aed9d5bd68806f870b24425904bfe202d80d833956407a9ed19a90a1e
strategies/h021_030m_train40_ridge010_threshold0p1/CL/strategy_definition.json,ac6de3ef4315a8c8667214ba13842cbbea8fb3630dcb11913cd9c85c2c516dc1
strategies/h021_030m_train40_ridge010_threshold0p1/ES/daily_evidence.parquet,ed654a8492dc3a0b0fd0ef6397e533507f9aafbae9d64ec5d2a8c2a619537cd5
strategies/h021_030m_train40_ridge010_threshold0p1/ES/strategy_definition.json,530a71a5abe8208df40cf7cc516a29d1d5cc91f5470ce91b83668f336bf728ff
strategies/h021_030m_train40_ridge010_threshold0p1/GC/daily_evidence.parquet,2ba1b97f3df6d003d030131d8da256ded9b050ac68d6760d1e8057a8a61a9a4d
strategies/h021_030m_train40_ridge010_threshold0p1/GC/strategy_definition.json,a35821aea89218d7206255a103dad50396ca813a40ebdee1f78a12d573f84a59
strategies/h021_030m_train40_ridge010_threshold0p1/HG/daily_evidence.parquet,d6ed541e4297a7586e3eba131d52609ad3576f7696704ab5dc7cf0742ee6655b
strategies/h021_030m_train40_ridge010_threshold0p1/HG/strategy_definition.json,731d5760e7156c21296fe2bd40068c19f29edfd86973f8cf311882095fc37478
strategies/h021_030m_train40_ridge010_threshold0p1/NG/daily_evidence.parquet,061f3169daf52599b82fe426a584c7707c330b058e3eda1dde9f43f12dc0f424
strategies/h021_030m_train40_ridge010_threshold0p1/NG/strategy_definition.json,9ff3451dfa2ea34e1fd89f974e961de6bbf6f632fe232a5d16d9f351b430522f
strategies/h021_030m_train40_ridge010_threshold0p1/NKD/daily_evidence.parquet,754366ec7ac358cf9f8a38b8f147736000ca6e7ec974442550a325fa63f22b3a
strategies/h021_030m_train40_ridge010_threshold0p1/NKD/strategy_definition.json,5792c104ac7f329eee230499108bbbd1a677ec533c0f66422ed22624c6ec2f41
strategies/h021_030m_train40_ridge010_threshold0p1/ZC/daily_evidence.parquet,f377b055492826d122048cfbd36e275999e1d4925be92d7d424a5dd7a5e83a32
strategies/h021_030m_train40_ridge010_threshold0p1/ZC/strategy_definition.json,fc19a0d33d6a9fcd1975659849646be10e1ecaa8a2faddb0dcf4d7c47b9c423f
strategies/h021_030m_train40_ridge010_threshold0p1/ZN/daily_evidence.parquet,f38d09b6c9b200f46079a781f5a9c3c316528b0094a72b4f439cfdbb1baad521
strategies/h021_030m_train40_ridge010_threshold0p1/ZN/strategy_definition.json,03b4b44b1ed463d4a04b90ff4cc4b3ec33fc3b56d1fe19d55ea32fa454acd06b
strategies/h021_030m_train40_ridge010_threshold0p25/6E/daily_evidence.parquet,e7b1be67ac0b7543d29abb943a10c314e38d84e047278d1d8e89a2021c36d53a
strategies/h021_030m_train40_ridge010_threshold0p25/6E/strategy_definition.json,8fc3aa569d054f112cbeb6ca3ee5ddc76b99555d6f1886f9bfb0a4600a899450
strategies/h021_030m_train40_ridge010_threshold0p25/6J/daily_evidence.parquet,f463988ac6126e1f9608bbc9501563bfcf4e66bdc094207c3081976ecdbbf977
strategies/h021_030m_train40_ridge010_threshold0p25/6J/strategy_definition.json,bcfadf1f00d52c52b5333549520b56d6441e7c02b44d7f940fb049e0d5e676b5
strategies/h021_030m_train40_ridge010_threshold0p25/CL/daily_evidence.parquet,1b3b6abceea5b40a61f870736a29d582108cf13c20128d567afa0b102a04d84d
strategies/h021_030m_train40_ridge010_threshold0p25/CL/strategy_definition.json,05d80a51fb682dfda7238e2c27f983c6aecfcbf98c4eee1c8c1ed1a7637b04c6
strategies/h021_030m_train40_ridge010_threshold0p25/ES/daily_evidence.parquet,4cfa7ead7b08695cc5580349f389ac8a313944be979b6814df1c8fcef523308c
strategies/h021_030m_train40_ridge010_threshold0p25/ES/strategy_definition.json,51cecb62d1ba448388696497d7f72e43a6f55c4357f23ef04cd945f20ca6f70e
strategies/h021_030m_train40_ridge010_threshold0p25/GC/daily_evidence.parquet,c0e1fb57f0a18eb7ecd022f97e3c5bdeba417db7f1c24bbc92f23a4f69870621
strategies/h021_030m_train40_ridge010_threshold0p25/GC/strategy_definition.json,9ede77d992daca0ccca7dfd9e6641c381e458d4189edc3564d2938ffdaaf0191
strategies/h021_030m_train40_ridge010_threshold0p25/HG/daily_evidence.parquet,fa294be789c293e903a313ad3303b01fa33cbcc7de37113d9c0fbb5dd72f9793
strategies/h021_030m_train40_ridge010_threshold0p25/HG/strategy_definition.json,2db7e855d7be01b30e3c002d8cec470f0cdc89fe18fc294102d7f56c3bc039d7
strategies/h021_030m_train40_ridge010_threshold0p25/NG/daily_evidence.parquet,ce82b1b273c0726e1b5805b695963ffe323abe933e9de23d80120bac8861c63e
strategies/h021_030m_train40_ridge010_threshold0p25/NG/strategy_definition.json,bbe08da34e31a8cac5510fe148f8f21673b7673768cd769aa3863346c59405ce
strategies/h021_030m_train40_ridge010_threshold0p25/NKD/daily_evidence.parquet,682072353eef31959b12d0bd85549bac1cc0111ede59c6603d73a442c4db4e1a
strategies/h021_030m_train40_ridge010_threshold0p25/NKD/strategy_definition.json,f8ed941d376e6f4bb7b88fcfefb56558c5280e20d9aba0b4a537deb7b711934e
strategies/h021_030m_train40_ridge010_threshold0p25/ZC/daily_evidence.parquet,7c5d92ab03831b51a3aae735e4ce3a5083469d9cdd6aaafb42b5760818004ba6
strategies/h021_030m_train40_ridge010_threshold0p25/ZC/strategy_definition.json,7cd0283570a2b1e607781152a2f290b75c833ca6072b6b4c7800065e587d9472
strategies/h021_030m_train40_ridge010_threshold0p25/ZN/daily_evidence.parquet,314b18f53d2358507c04e2a2d0e1795e9c24d17e03f2a5984546ccc4e9f963ae
strategies/h021_030m_train40_ridge010_threshold0p25/ZN/strategy_definition.json,fee36f1bf72b7ab21ef5b9f57f93a884c62fb2d0dfd36e0c0401aea93479286b
strategies/h021_030m_train40_ridge100_threshold0p1/6E/daily_evidence.parquet,6728acf622bc6b7cf05164a44e30dfe5b6c188c7c0617638fe18d362d264656b
strategies/h021_030m_train40_ridge100_threshold0p1/6E/strategy_definition.json,d3333c619a9c6d8ddd181570d2d6588c534f2a6137dac694e6e55e861bbfbd51
strategies/h021_030m_train40_ridge100_threshold0p1/6J/daily_evidence.parquet,8b1de727d8c08cbc5405f82d4e0c852cd98a523ead4acf8fcae18550c726c94e
strategies/h021_030m_train40_ridge100_threshold0p1/6J/strategy_definition.json,a11a725959aba7102112e2e76c5a7bd88f4293d64d893656999aedfe919ae7f3
strategies/h021_030m_train40_ridge100_threshold0p1/CL/daily_evidence.parquet,09419bb006a0759a40e47b5fa6fc59bf98c6cbe270f93a5955be4ccd70e467fc
strategies/h021_030m_train40_ridge100_threshold0p1/CL/strategy_definition.json,de962c8f5c1bc78aed8db55af470e6a6db80a8a38e427554646ebef68df91b4f
strategies/h021_030m_train40_ridge100_threshold0p1/ES/daily_evidence.parquet,a71870fd97c72c06888c790bfb145c4cba6d7f083f0d2a2cf339c74bf4a3de35
strategies/h021_030m_train40_ridge100_threshold0p1/ES/strategy_definition.json,4b42baf751fd11ed0cf30526e618e9c81bc744847a7fcfc7b2667755266ee19c
strategies/h021_030m_train40_ridge100_threshold0p1/GC/daily_evidence.parquet,c968e118c1351368cc2d604609c8dd369995ee84ff0d40216ef8877732fb6588
strategies/h021_030m_train40_ridge100_threshold0p1/GC/strategy_definition.json,893c389e3798a35c08923a52d8aae8bd163913a7493fc6531eff2b0c8aec0ddb
strategies/h021_030m_train40_ridge100_threshold0p1/HG/daily_evidence.parquet,68ed8768fe9b25205b21ede639aa1f4fbe08ef5950d2d2a67ab78a8a64021db3
strategies/h021_030m_train40_ridge100_threshold0p1/HG/strategy_definition.json,0735ace53fd48d5632277bc01e59adb30b0ce8b3751e148268df8f6e4efeea8c
strategies/h021_030m_train40_ridge100_threshold0p1/NG/daily_evidence.parquet,0b00936abffd0102b4252ff09fdbdd348a4b468c22c73f6c90c445c286681435
strategies/h021_030m_train40_ridge100_threshold0p1/NG/strategy_definition.json,cda94f50bd56d4356feffa24e78f2b05e947f44cf19bdbebdd909edc3fe921ed
strategies/h021_030m_train40_ridge100_threshold0p1/NKD/daily_evidence.parquet,4725c1b4ed0aedfced44345fbcd058242b3d254198bad1afeed0217b67f6a70e
strategies/h021_030m_train40_ridge100_threshold0p1/NKD/strategy_definition.json,bde090799a68b16d025a0ee63ff1cc9e51602b9c900962d0f884c49f6a36f414
strategies/h021_030m_train40_ridge100_threshold0p1/ZC/daily_evidence.parquet,d1ab81d1e54bad7b1b448ded78f8afa0d1f5ad54cb3c133e6b6ccbf821de1d47
strategies/h021_030m_train40_ridge100_threshold0p1/ZC/strategy_definition.json,22550dd07f37a2d9cd4c42349a7221e0b18fa54ded6396f17563bef4487919da
strategies/h021_030m_train40_ridge100_threshold0p1/ZN/daily_evidence.parquet,e4b3c75a014c8adffe6b8c1cda471cc59ede841c08d8c4e74cdc46faa71ec0dd
strategies/h021_030m_train40_ridge100_threshold0p1/ZN/strategy_definition.json,f3602b72cfdc4285889a5564bc9d8feebc074d9aba849413ebdb97dfbb70de12
strategies/h021_030m_train40_ridge100_threshold0p25/6E/daily_evidence.parquet,bff18717c966031a8878707047a88ff9b8a0ddd1b8c24bf6f9c744ec04367bf7
strategies/h021_030m_train40_ridge100_threshold0p25/6E/strategy_definition.json,ae9172dd01386620827be9ade6a443b19b0f9295b40f13b5650ae9a694824aa4
strategies/h021_030m_train40_ridge100_threshold0p25/6J/daily_evidence.parquet,87a97dbdefc39a123cfff52ef55a0c6187e5b26c737622d681b32689b0006ad2
strategies/h021_030m_train40_ridge100_threshold0p25/6J/strategy_definition.json,7e0bb3d045801cc3088838727f3dec46b77fc83f201f0f23617fc17f3d9578b0
strategies/h021_030m_train40_ridge100_threshold0p25/CL/daily_evidence.parquet,25405813ecefd7fe778ecb7719aba7a1f854c128c97a9666ea069280f29f42dd
strategies/h021_030m_train40_ridge100_threshold0p25/CL/strategy_definition.json,76b45a2a185bc61a7711bfa518338b7fa85f8b7ebf5bf7c6b0b2fe593c9b4fd0
strategies/h021_030m_train40_ridge100_threshold0p25/ES/daily_evidence.parquet,8f2efacbf2af00c0233bf26c92abacf546a1ee22451b48888c61a7f1d403b621
strategies/h021_030m_train40_ridge100_threshold0p25/ES/strategy_definition.json,6e11b30599d2e6b1bd865cfaed5952a4ed50b7325d029ab2e7eaa471d32d7b70
strategies/h021_030m_train40_ridge100_threshold0p25/GC/daily_evidence.parquet,2e526283cf8a567bea8c5b4ab3f542f7c95a823629a8626659121e69dd116f88
strategies/h021_030m_train40_ridge100_threshold0p25/GC/strategy_definition.json,86991852897021912c92a651f342d1071da6747e6fb466eaaeab796c04f269eb
strategies/h021_030m_train40_ridge100_threshold0p25/HG/daily_evidence.parquet,a810be14ac421f223f3ca047992eca7fd52d89e0fb56b6fa2e4d2e5ee20ab158
strategies/h021_030m_train40_ridge100_threshold0p25/HG/strategy_definition.json,ec6364ebf93ce3b19474e635d30bf1f6abfeead3be7b8beb2948e8051200a0ee
strategies/h021_030m_train40_ridge100_threshold0p25/NG/daily_evidence.parquet,38c5ab9b49ea3b823654bf1c41fb0ba00b34d0a7d722ccc3451e909c28ac6782
strategies/h021_030m_train40_ridge100_threshold0p25/NG/strategy_definition.json,e6ba54fb4de09497a3c40658dfdca8ac5e8e2869822b051e807d94a9f7ba7683
strategies/h021_030m_train40_ridge100_threshold0p25/NKD/daily_evidence.parquet,23b5352a90c581e4f174c533c51dc67c3fe8b02a5ac8a6d44d04bd9cc2bc5536
strategies/h021_030m_train40_ridge100_threshold0p25/NKD/strategy_definition.json,391ed9e2698c3c8f57c1ddd6f8b2f9508ce9a40d14dfecff854209e063ae3d2e
strategies/h021_030m_train40_ridge100_threshold0p25/ZC/daily_evidence.parquet,063e399d70af930ae1b70fbb74e1db231b9d9550adf3d85a43e4dc50032dc00f
strategies/h021_030m_train40_ridge100_threshold0p25/ZC/strategy_definition.json,c9888ce11e07145ca325f1896b2955ed35fb8423dc1e1973ef50b8745de95092
strategies/h021_030m_train40_ridge100_threshold0p25/ZN/daily_evidence.parquet,f102b0e4415a6d741c8bc38637311974413f7c53a8f8cde61f749d84eeebe9b0
strategies/h021_030m_train40_ridge100_threshold0p25/ZN/strategy_definition.json,25af1cca69ca63e790ff10033b9bad23f93d8463256d3bb38f193b61eaf213a8
strategies/h021_060m_train20_ridge010_threshold0p1/6E/daily_evidence.parquet,0fa4ac0af5768d831dc737ccbc940c7819d03b30394547b1183dfa8cff363e4d
strategies/h021_060m_train20_ridge010_threshold0p1/6E/strategy_definition.json,185b02f7f973a43ec4f4ecc8aa707e885b59cf00349f735ea82ed249af0a01a0
strategies/h021_060m_train20_ridge010_threshold0p1/6J/daily_evidence.parquet,8579a4f6902b5b9c9074ef4603135d4b3be7716829cde5f609534981312bff17
strategies/h021_060m_train20_ridge010_threshold0p1/6J/strategy_definition.json,e15d8171fb95616c01ea97972b6f12d6cac77e876bd91e8d7c8079ad0eb4c65b
strategies/h021_060m_train20_ridge010_threshold0p1/CL/daily_evidence.parquet,c93a7f03b1f716c6f98dccd637275c7b3d0a94fa03e6b784b81e72688daa3826
strategies/h021_060m_train20_ridge010_threshold0p1/CL/strategy_definition.json,7836a1a9e083ef6e9ae8ae1020cf1e8b89c17e83dbe2ceefbc879a553f6d7749
strategies/h021_060m_train20_ridge010_threshold0p1/ES/daily_evidence.parquet,7c8a5c58fd79c10713b4a72177d59109ea4d57e359166d1492ddfaa5f3de35c8
strategies/h021_060m_train20_ridge010_threshold0p1/ES/strategy_definition.json,60ef5619d93f9f8a98dd164088ea878f011d2007456cc4dddf1d7d7024074c95
strategies/h021_060m_train20_ridge010_threshold0p1/GC/daily_evidence.parquet,795b95699e32d64c66b6e3a7b2ca85238ea1cdc0978b32ce7e08a1da90178a22
strategies/h021_060m_train20_ridge010_threshold0p1/GC/strategy_definition.json,0393a9c6afcc801b89adf43b3991a661f4b4bf9dd7f3b286e1249f242cd26066
strategies/h021_060m_train20_ridge010_threshold0p1/HG/daily_evidence.parquet,fa65dd45aa9470797957f3a5fbf73e3e893577de93705ddef85394987e58c460
strategies/h021_060m_train20_ridge010_threshold0p1/HG/strategy_definition.json,c0ad008eb12ddab3991b0c1fdd1415e023ce51f57899c03cebaeab4b204d7530
strategies/h021_060m_train20_ridge010_threshold0p1/NG/daily_evidence.parquet,77cebdf0822dabdf31fc8f40512d82b9d1ac41dc8473c96649daf18995d23ec6
strategies/h021_060m_train20_ridge010_threshold0p1/NG/strategy_definition.json,19684484522b0eb9b55272ed7ff886d481e686458eefb8208854b2323fb5f3a5
strategies/h021_060m_train20_ridge010_threshold0p1/NKD/daily_evidence.parquet,119a6c5ffcef76a964882006c727d558b90faaf47585f39e835ad937ad3e25e6
strategies/h021_060m_train20_ridge010_threshold0p1/NKD/strategy_definition.json,ff52b66a8d32a3108864fbc1737089e94929efbd53a338a8a99f3d72f34c1d1e
strategies/h021_060m_train20_ridge010_threshold0p1/ZC/daily_evidence.parquet,8ecb8ad159335829236c42c25b6d0c5a1b17a72229e6af92097432711989865c
strategies/h021_060m_train20_ridge010_threshold0p1/ZC/strategy_definition.json,12a9356bb1b539ad54021fc3395aa53de75ac892cde8782f4b9b5384cdd3bab3
strategies/h021_060m_train20_ridge010_threshold0p1/ZN/daily_evidence.parquet,a9110d5c9f1f33f4681bd23ec6ca191507aecaa37600bb7eba012caff927a890
strategies/h021_060m_train20_ridge010_threshold0p1/ZN/strategy_definition.json,30fe3002752abcc27d4027f34c805f20ef716c48c69caa4129962c84289f829c
strategies/h021_060m_train20_ridge010_threshold0p25/6E/daily_evidence.parquet,0f3777f71ecf34eb126317b17ba3615188cad73352bbacad8d3c69e69cee330b
strategies/h021_060m_train20_ridge010_threshold0p25/6E/strategy_definition.json,903e95f653be2951ee744b5ab26aa09d8f30dee62887a80e3c32f99bd6b4203e
strategies/h021_060m_train20_ridge010_threshold0p25/6J/daily_evidence.parquet,387e5bca326fde32caad6c5af12a41422b1def0a1bd7625ea2cbeee9ce15e703
strategies/h021_060m_train20_ridge010_threshold0p25/6J/strategy_definition.json,bfc06b95f3befd58010eb72c11cbf4ed8f7cbc44aeca1172c910b3713059f5b8
strategies/h021_060m_train20_ridge010_threshold0p25/CL/daily_evidence.parquet,b5ecb5904ba57e17f2e4f485f4841d060ad2b7892435d7115e1b8f1e96750aa1
strategies/h021_060m_train20_ridge010_threshold0p25/CL/strategy_definition.json,55c9287d664486d4a0b65c20c79c8c0eaa131ff38beec481856fe0784d6fd46b
strategies/h021_060m_train20_ridge010_threshold0p25/ES/daily_evidence.parquet,e30f0aa0c646c5274a0e52e548a0991d28277e487f616606460f3895c27bd5bb
strategies/h021_060m_train20_ridge010_threshold0p25/ES/strategy_definition.json,59694f38a7204258282ec630980009a5ac6023ce87c60d8d37b97a6475b5b1ed
strategies/h021_060m_train20_ridge010_threshold0p25/GC/daily_evidence.parquet,4e8ec488cadcb6630dfbc3aa176393d7f6e620229ea10f001a247e5f7cc574f6
strategies/h021_060m_train20_ridge010_threshold0p25/GC/strategy_definition.json,cbd1a63e7149b8ade0b64156304372755a2533be590eebda71317b7da307f957
strategies/h021_060m_train20_ridge010_threshold0p25/HG/daily_evidence.parquet,f1140f46a592a7b50680ad0c57c88da6ed438c954f62ca83611f788b35927ac0
strategies/h021_060m_train20_ridge010_threshold0p25/HG/strategy_definition.json,21baeded529b0259e58fb75115f0ec4c50d6243031c4ddc81f77096eb65c90bd
strategies/h021_060m_train20_ridge010_threshold0p25/NG/daily_evidence.parquet,1c0d6f0aabd4facfb0c4a4b7a7eed0c527a99cd89b5eba054ddd5dc77b12361b
strategies/h021_060m_train20_ridge010_threshold0p25/NG/strategy_definition.json,c1536ff72a031f1d7ca750a814aed8f24233abbdabde28dcbfe37db99b84c13d
strategies/h021_060m_train20_ridge010_threshold0p25/NKD/daily_evidence.parquet,02eaece5469f5663f7ed12b4d68c7417a52587f2fabe1a5ea26727e454db8a81
strategies/h021_060m_train20_ridge010_threshold0p25/NKD/strategy_definition.json,1787c314044617f6a8150e697fef35cd913ae72154f1cb93ea7823eb564f195c
strategies/h021_060m_train20_ridge010_threshold0p25/ZC/daily_evidence.parquet,6d9d487d57240f36a486f1baf8c0b32674994dd0ce9ebb1c7b68ee613970420e
strategies/h021_060m_train20_ridge010_threshold0p25/ZC/strategy_definition.json,53912f8dcbf78a179562df79f20fb2935abdbfbb070babd6cb0d4f73ba3e35a0
strategies/h021_060m_train20_ridge010_threshold0p25/ZN/daily_evidence.parquet,36271fb0e312b279d04488fd61d56a9d8b59f2ff7a13f3c0ed3aca4afc356b7d
strategies/h021_060m_train20_ridge010_threshold0p25/ZN/strategy_definition.json,82232a387488f2cab134432b434e2fae3cc172935daaf08b3250cd26a7aa90e0
strategies/h021_060m_train20_ridge100_threshold0p1/6E/daily_evidence.parquet,d640cc4d6f7b360d8fa10173b9906bd5f16379819071486891b67d9a04b3a02c
strategies/h021_060m_train20_ridge100_threshold0p1/6E/strategy_definition.json,218483240076428386aca1d3369df004efa8903ebe8c483b5ca12f99a7764301
strategies/h021_060m_train20_ridge100_threshold0p1/6J/daily_evidence.parquet,edc0aa3e3d73d0e45206361bda97bd6ed1a976aac2b72c5cf8afd7b388a6981a
strategies/h021_060m_train20_ridge100_threshold0p1/6J/strategy_definition.json,746e82c58649dc5390df7e0c783bc93225093ba97af00c39c0d6fdc90ffcebc1
strategies/h021_060m_train20_ridge100_threshold0p1/CL/daily_evidence.parquet,6aeac7957354c90e9f191ea72f555dad30b219fa0ad0f99533d50c84b4169f7d
strategies/h021_060m_train20_ridge100_threshold0p1/CL/strategy_definition.json,e81e5a09178e542d07cf5e6150f2d48cfd913a0ef98f69745f72f74c29d59ea9
strategies/h021_060m_train20_ridge100_threshold0p1/ES/daily_evidence.parquet,c600ade8b94085143990cb69fbf6ddf2c70033eeaa00e492bfeb1a8938372692
strategies/h021_060m_train20_ridge100_threshold0p1/ES/strategy_definition.json,24418e496116c1f4741548e67aa8405a08aa98f6e216b16b056d42a7945c0d5d
strategies/h021_060m_train20_ridge100_threshold0p1/GC/daily_evidence.parquet,f6c73ce5db5e7d0fbf86f043b7088defa1573099139918835bb7e84ccc09aefa
strategies/h021_060m_train20_ridge100_threshold0p1/GC/strategy_definition.json,a537fc7deee37d3850fdec7153058d9a867e3ff29fdd9cdaaa913f52314140cc
strategies/h021_060m_train20_ridge100_threshold0p1/HG/daily_evidence.parquet,46b302a92e609d7a687bf8c160c9524e389f929d6397a01926aaa4219f61f008
strategies/h021_060m_train20_ridge100_threshold0p1/HG/strategy_definition.json,a8d781b692b7359edc7d9250935e28a5d61802a0840c048bae646c0782d3527a
strategies/h021_060m_train20_ridge100_threshold0p1/NG/daily_evidence.parquet,39d7aca36add4ba4434154b1bb8c184d4b53ba1e71d5ebf99fc6b3d676be2798
strategies/h021_060m_train20_ridge100_threshold0p1/NG/strategy_definition.json,e945fe8aec72d27fc9e0d360e00fe8c5d794671fc288e6851c7a2673955d0391
strategies/h021_060m_train20_ridge100_threshold0p1/NKD/daily_evidence.parquet,31d2f1c0276d4c94d3cc3cb188c8b781aa9609ef6d29dbf6358e760541c7236a
strategies/h021_060m_train20_ridge100_threshold0p1/NKD/strategy_definition.json,bd39b892f774a2c6e4bff120ed75871061bb15c732a1da4084631f9c40b2f26e
strategies/h021_060m_train20_ridge100_threshold0p1/ZC/daily_evidence.parquet,ce416f6e4d559e852976ca57f7deb71898bfc199d85c8c2843bdc01cc38b00b3
strategies/h021_060m_train20_ridge100_threshold0p1/ZC/strategy_definition.json,75e730cf23ba639b3d49390c959cb92041ffcce24675454cb185a31f60c0b415
strategies/h021_060m_train20_ridge100_threshold0p1/ZN/daily_evidence.parquet,0882608f62605d08d0be0d264a1c5efad751b8df1e8c49fe233756e0d9453f71
strategies/h021_060m_train20_ridge100_threshold0p1/ZN/strategy_definition.json,7ab82afefd201285e5bcaba42bc54f621500e7856622b337452d5ec4478bfa15
strategies/h021_060m_train20_ridge100_threshold0p25/6E/daily_evidence.parquet,e7547fb650f6fa18a52093fba4bb83138cfcc8660e875492ba241bf4c0e78752
strategies/h021_060m_train20_ridge100_threshold0p25/6E/strategy_definition.json,a9046d99f0a11e647f9bc30fd4c3226a39012cf66e99b022a33ef45a45293121
strategies/h021_060m_train20_ridge100_threshold0p25/6J/daily_evidence.parquet,cb074546107c4e222ea9b48f82b6c21f84f0bd84feb738929dbcbcab046a8ab0
strategies/h021_060m_train20_ridge100_threshold0p25/6J/strategy_definition.json,e53d2f69ad897a528b6158d5b3029f1d054c7d000e870637578d0f6479271ab5
strategies/h021_060m_train20_ridge100_threshold0p25/CL/daily_evidence.parquet,565203b250e16c645e308e9b3ffb778dc4843652adc0c7307519ebd1e9a11253
strategies/h021_060m_train20_ridge100_threshold0p25/CL/strategy_definition.json,c6f80b125554f3dffd8f63ecdb4521b363929998ac60da7ce9c8216011990df2
strategies/h021_060m_train20_ridge100_threshold0p25/ES/daily_evidence.parquet,849c825994e7e51974bea64451c666771db04787f6dd1390b7712b54cea9afe0
strategies/h021_060m_train20_ridge100_threshold0p25/ES/strategy_definition.json,9b2a2628169532950218a70090e0053c4b2377ee838422e3a291fe701da29efc
strategies/h021_060m_train20_ridge100_threshold0p25/GC/daily_evidence.parquet,d62747697b421ac2f593d4ff6f0ba3f1f6e6fd55b6c3e9c83912e06b2c6f3c0b
strategies/h021_060m_train20_ridge100_threshold0p25/GC/strategy_definition.json,ed646a5955b3fd5d1cba4206287267eb30144ac3db9acb57adc083c40dd96efc
strategies/h021_060m_train20_ridge100_threshold0p25/HG/daily_evidence.parquet,58c66df526589f886727469585805a4c9b72a2d71d6703c0d9e518dea65255b9
strategies/h021_060m_train20_ridge100_threshold0p25/HG/strategy_definition.json,93ef1598b511a775a8b18bad96c9c05ddf24cfd9dfeb46f1f99c0107876b86d4
strategies/h021_060m_train20_ridge100_threshold0p25/NG/daily_evidence.parquet,b0285d5380b8e5ad9e65ec5af668c4e9fc33155ba659fd4f16455ea3bc6d5af9
strategies/h021_060m_train20_ridge100_threshold0p25/NG/strategy_definition.json,81bf1eaeae673b81b837264e8c55d8681e1e867f1802a0aace29205752d28aa4
strategies/h021_060m_train20_ridge100_threshold0p25/NKD/daily_evidence.parquet,5b9af9e4d0535c8d34d11a97f80a74cb2e0a5ce7bdd1f671557bfd1ffbc08cf0
strategies/h021_060m_train20_ridge100_threshold0p25/NKD/strategy_definition.json,ed93f9901ab054367bdf71284dc4c38874c6f1a0743991ed0adabd29af5fba18
strategies/h021_060m_train20_ridge100_threshold0p25/ZC/daily_evidence.parquet,d6c785584ee43e8bad26d15629ca1b1c876f51764fd76407570e24e0cf882fa5
strategies/h021_060m_train20_ridge100_threshold0p25/ZC/strategy_definition.json,bcb54d5d5b139c32b03060e2234a28cb0bbadb1e0aae2659a79fd8830a736d4f
strategies/h021_060m_train20_ridge100_threshold0p25/ZN/daily_evidence.parquet,a8221b05c76984f3bc793118b336c1e2fc243265e9c1e191313bad68151b0535
strategies/h021_060m_train20_ridge100_threshold0p25/ZN/strategy_definition.json,ca3bb1fdd89b1b1b09127e3529b29d27fa3244535e4d7877cb7e48a1be9de09c
strategies/h021_060m_train40_ridge010_threshold0p1/6E/daily_evidence.parquet,8beaa4cea541769f931154dc79254945b00a96cccfcda175409dc1e5f12751a4
strategies/h021_060m_train40_ridge010_threshold0p1/6E/strategy_definition.json,d869a30dbdbef9d134cdc268cfd0a3706575ac8bbb820a87a62998cea919325e
strategies/h021_060m_train40_ridge010_threshold0p1/6J/daily_evidence.parquet,4f1410387c36b089643f9c1caa42e06b08962fdcce504873b0c53fdb0eb3e632
strategies/h021_060m_train40_ridge010_threshold0p1/6J/strategy_definition.json,751000a61b973b84735ff6a3cc0aa60ba42172556789f23f3c9badea9e64397d
strategies/h021_060m_train40_ridge010_threshold0p1/CL/daily_evidence.parquet,ba04247473790ef706b60c2beec2f597ed6d89594cf9d8423eb495249dbcc0bd
strategies/h021_060m_train40_ridge010_threshold0p1/CL/strategy_definition.json,7487a1a350b65b4b4333e1dea100afdb6e4baaefc00d09e5d32c83cd5b9839c8
strategies/h021_060m_train40_ridge010_threshold0p1/ES/daily_evidence.parquet,922c368d5c0ce5a1acd243720b9152a8e110f36181581a203588542c74181957
strategies/h021_060m_train40_ridge010_threshold0p1/ES/strategy_definition.json,0ce035e22e2bdd6459e0b4bd73140216e7fa713bb774b1aac46330585e487498
strategies/h021_060m_train40_ridge010_threshold0p1/GC/daily_evidence.parquet,667e93c4ee3ec14eddbda6413cb7bc427957499c21770b11cce3c1c1faa47224
strategies/h021_060m_train40_ridge010_threshold0p1/GC/strategy_definition.json,e11b42f0b032c11b09811ebbf85905a8291f5d0458ace009a7163a960f54cadd
strategies/h021_060m_train40_ridge010_threshold0p1/HG/daily_evidence.parquet,3a1b137fa34cbf4dc45d9e443937ec83dc1e062c668bdbb49d3be5d9cdb77a36
strategies/h021_060m_train40_ridge010_threshold0p1/HG/strategy_definition.json,f95c508b080c9271a72354ffb6744cbdd5d8b54878baab4eff96ea8b39203ebb
strategies/h021_060m_train40_ridge010_threshold0p1/NG/daily_evidence.parquet,978547daaa0a596255a63cb1a34fa8b57bc3c0e9f06bf60edf70bcf9d7b3f874
strategies/h021_060m_train40_ridge010_threshold0p1/NG/strategy_definition.json,16e0650c27ab30877cf587b532389a5735ae7acf6c4798f115ee08f82a8a9377
strategies/h021_060m_train40_ridge010_threshold0p1/NKD/daily_evidence.parquet,4b18e447179d733249ac3d03173b2a237c6df445173ffcd5f111927c6f84d7dc
strategies/h021_060m_train40_ridge010_threshold0p1/NKD/strategy_definition.json,f99385f908bc1fc301c847e249f4c45f04f9a68af7d4b84e4134339262c880a1
strategies/h021_060m_train40_ridge010_threshold0p1/ZC/daily_evidence.parquet,5355d557f79c1e34c7cb61ab26ac8d7ab593052d03e04b37116ae0a91640ac9b
strategies/h021_060m_train40_ridge010_threshold0p1/ZC/strategy_definition.json,e42f6238597877fb0b65f43bcd4ffd64f15e8a17de396ddc5fe2150d5e35515c
strategies/h021_060m_train40_ridge010_threshold0p1/ZN/daily_evidence.parquet,85cba414559fa76f895e68d36cdb443f89e114de6f537b66446f8483f2b43211
strategies/h021_060m_train40_ridge010_threshold0p1/ZN/strategy_definition.json,61b4a9b7b5ae687bc8746a3de635a8d4860125447a55d2d3db1a85916223fad5
strategies/h021_060m_train40_ridge010_threshold0p25/6E/daily_evidence.parquet,3525669ec247d74057f6a11ba94e83dd924d9175ea82870023bde8dc087e5830
strategies/h021_060m_train40_ridge010_threshold0p25/6E/strategy_definition.json,4990eacba69b67d3e21200cdc756544b67494977291f099493bfe4e7b833b7d5
strategies/h021_060m_train40_ridge010_threshold0p25/6J/daily_evidence.parquet,f0049f041d56155842e622aa4afbf1dade0d73e82645ce741bfb8027ae079a79
strategies/h021_060m_train40_ridge010_threshold0p25/6J/strategy_definition.json,c41011aed1713949f93b70c739894cc385fd02140d70afe7250d48c16c904e30
strategies/h021_060m_train40_ridge010_threshold0p25/CL/daily_evidence.parquet,e7d0b182d8be16ef9bec1c9dc8555a01871748117afca9f7955f8ccd84ef70ae
strategies/h021_060m_train40_ridge010_threshold0p25/CL/strategy_definition.json,26bb6b2e1de33788599a6218d481a28817c56c66accfff6ae74bf1268ddf2d2b
strategies/h021_060m_train40_ridge010_threshold0p25/ES/daily_evidence.parquet,d6da7ebd3e73388d9599410ec945e40e126ee6e3a6140fdcf70062b252399cf9
strategies/h021_060m_train40_ridge010_threshold0p25/ES/strategy_definition.json,2e2c66557b8dcc234cb946365696e9f33b3caa6628d5364181692ebeaa9e42c9
strategies/h021_060m_train40_ridge010_threshold0p25/GC/daily_evidence.parquet,d3b3f4d280a2cf847f101a61ceaeb3dd038ddee185669c524db6f0df9fa4d2f6
strategies/h021_060m_train40_ridge010_threshold0p25/GC/strategy_definition.json,7e83a1b101652ec94487017ea7c66b9d3124751a083527a644cb0ddd699b9378
strategies/h021_060m_train40_ridge010_threshold0p25/HG/daily_evidence.parquet,db13a1c22dfc9fa0be887dd4a63cd6fca02bf773ae2066ed45a600aad0554a1e
strategies/h021_060m_train40_ridge010_threshold0p25/HG/strategy_definition.json,1ada378d765b17ffaf35d10cf2c7b0e7d866edcbfa8bba6e56b38394d5fe55b9
strategies/h021_060m_train40_ridge010_threshold0p25/NG/daily_evidence.parquet,57a7f103129219dba209dfd9bae995bc0ccfe2986ed1939f84589bd3ffa0c496
strategies/h021_060m_train40_ridge010_threshold0p25/NG/strategy_definition.json,3bb20b1d4199043754e7bdc575edec6e5179c17d5604eaa34ea3aee5f19e9178
strategies/h021_060m_train40_ridge010_threshold0p25/NKD/daily_evidence.parquet,a9e9f2da95f0c9341706d6f9fea9780447b4dbc80c3edf232d5f7c32954a0bac
strategies/h021_060m_train40_ridge010_threshold0p25/NKD/strategy_definition.json,b36f8dc272c891bbe44958f062f2c79935e12d7d8ba741cbdf6b3cab143688fa
strategies/h021_060m_train40_ridge010_threshold0p25/ZC/daily_evidence.parquet,9a26b37b56e0abd23909e33986c662b7e584b9908bc4aba2b2268bf0f7f948f0
strategies/h021_060m_train40_ridge010_threshold0p25/ZC/strategy_definition.json,af36af2820eac5f038cb512fe2b5705b06523f7326e555e55998f864c22695dc
strategies/h021_060m_train40_ridge010_threshold0p25/ZN/daily_evidence.parquet,d01bbe3d89f76e24e325850e8a2f3f7af3f952790ffdc7412ef411f670a5020a
strategies/h021_060m_train40_ridge010_threshold0p25/ZN/strategy_definition.json,2884b89618c6c48878bbd0a3614fa3a9e5c715b6178ffd29b06beff0c9593203
strategies/h021_060m_train40_ridge100_threshold0p1/6E/daily_evidence.parquet,94d4da951f5556e22be26dd924f31482583bbd850bc4a734105f6944236d5abb
strategies/h021_060m_train40_ridge100_threshold0p1/6E/strategy_definition.json,956a5b3a6c7379531a36ddf18913316955763787f20ba86bd24b8f61b87eb586
strategies/h021_060m_train40_ridge100_threshold0p1/6J/daily_evidence.parquet,fed8e7223a1b558a74d8f3dbc114229433410dd4f6a32e997e372ff1ac934c6b
strategies/h021_060m_train40_ridge100_threshold0p1/6J/strategy_definition.json,3745b72a72c2742b7cbd0cdeb7595470ba0e2933b47c322c34e3e45f6fa0a928
strategies/h021_060m_train40_ridge100_threshold0p1/CL/daily_evidence.parquet,aaa9e24ce2097135c9cb687f4c240ba3c16030c318d45b8d95757f850cab61f0
strategies/h021_060m_train40_ridge100_threshold0p1/CL/strategy_definition.json,383d1f92b9397cb81dd6ccea6d15397614638dd0c3dd8a8d9ed8c223b1820919
strategies/h021_060m_train40_ridge100_threshold0p1/ES/daily_evidence.parquet,f52e6233290349bdb6a92d87a94f4b2c7d5ccf70744366d4d2965d80c2926347
strategies/h021_060m_train40_ridge100_threshold0p1/ES/strategy_definition.json,7ccdf4e9c9ef626b273206a45447627095f6aba6f265509ac92b91912615809d
strategies/h021_060m_train40_ridge100_threshold0p1/GC/daily_evidence.parquet,251a604c61dc8b34b36e3249a923a3e9d17b8ae7ea9875a3d4a2cf5686497293
strategies/h021_060m_train40_ridge100_threshold0p1/GC/strategy_definition.json,fc7db7d392842da102aa36344b4ff2d022c21f9bd123f75153083d238a538d0e
strategies/h021_060m_train40_ridge100_threshold0p1/HG/daily_evidence.parquet,380cabcd96caf1a47070d3c34da577dbb37ece84a7282c3b2fc8e5e402e16f7c
strategies/h021_060m_train40_ridge100_threshold0p1/HG/strategy_definition.json,8408d9c82d2859ea1f7c08bf2c5cc69fac30a143ee847f0183c2abb066f77b79
strategies/h021_060m_train40_ridge100_threshold0p1/NG/daily_evidence.parquet,51af1ae45f5892e39ddb7cc7d67d4571087ad8921f7b57efc9253aa4a5b79a97
strategies/h021_060m_train40_ridge100_threshold0p1/NG/strategy_definition.json,2934d0433c4e2108201a43e3230ef928ef5dc1fb6bfabdab7a936cccf991921b
strategies/h021_060m_train40_ridge100_threshold0p1/NKD/daily_evidence.parquet,2b24c8f23fd1d57d15dac8af6cbcbddb3d90837db4900f3cf800ab2ac1816826
strategies/h021_060m_train40_ridge100_threshold0p1/NKD/strategy_definition.json,1027a1fe1028c021940d794a3685501265b103ffa4f0200b938959453fbf03f0
strategies/h021_060m_train40_ridge100_threshold0p1/ZC/daily_evidence.parquet,67617f736bfbc5d2185304cf92919ea3491ae10ce589884d728df5ed03288a1f
strategies/h021_060m_train40_ridge100_threshold0p1/ZC/strategy_definition.json,58c844309470c7c05a4fc9613aa035482cf2d5b36c134ee5b1af7805dae59c22
strategies/h021_060m_train40_ridge100_threshold0p1/ZN/daily_evidence.parquet,73028b578d70a13b6bc9c0595a9abf7f004a386bf603e5569734b4d9ce36e405
strategies/h021_060m_train40_ridge100_threshold0p1/ZN/strategy_definition.json,4e2de930cfc2de77f2ebcd1228b5ba2214c6f07c5624c5f9c4216673b14b57a0
strategies/h021_060m_train40_ridge100_threshold0p25/6E/daily_evidence.parquet,6b749aa6992ab2958574bc12e6e042632ec717a9bf30b57dabcde5db58ffe77a
strategies/h021_060m_train40_ridge100_threshold0p25/6E/strategy_definition.json,60a39950f9470614816048f30e5a18ad1233b789a61c83c21401da3631a76ae3
strategies/h021_060m_train40_ridge100_threshold0p25/6J/daily_evidence.parquet,bcc13ad807a97b2ebec67d798ec4a4d0c2f92b3850dbbb1745a88ec8db393d7d
strategies/h021_060m_train40_ridge100_threshold0p25/6J/strategy_definition.json,cf49798a42c13aa36a5cf2c65674b99d97968cec2e96f996ca15a0f5397ee9e5
strategies/h021_060m_train40_ridge100_threshold0p25/CL/daily_evidence.parquet,5eca0ef3531de870dba4ac7777251b01781edbb4abae388843201a6045bbb64b
strategies/h021_060m_train40_ridge100_threshold0p25/CL/strategy_definition.json,2c913c9892c774a37530e55b2311973bec2899aee9d17e5eafb4a8dc066d52a4
strategies/h021_060m_train40_ridge100_threshold0p25/ES/daily_evidence.parquet,436b45dd2bf351e9af78317f44383389e826945ca00b71b5109f2d5cd0e10ab3
strategies/h021_060m_train40_ridge100_threshold0p25/ES/strategy_definition.json,b962877e16980bef3d1103475932263b8bd1d0ea29403cb938052aa26d1b0fc8
strategies/h021_060m_train40_ridge100_threshold0p25/GC/daily_evidence.parquet,2c404576b1249cff5254eb0dcf844ee96b21d4adcb39b8a16d816e39a3540474
strategies/h021_060m_train40_ridge100_threshold0p25/GC/strategy_definition.json,eccedcc197c391cbb227ab32a9dd97f407cfefbf0438593b4a919219aff30390
strategies/h021_060m_train40_ridge100_threshold0p25/HG/daily_evidence.parquet,3a7e5b52eea6fcf75ba462866495b34dd58054209958f37f13673f5d85f092e1
strategies/h021_060m_train40_ridge100_threshold0p25/HG/strategy_definition.json,e90fedf5bc96211c76d4f6c2f3b1939b1837c8590b7623e27646b2be0edef077
strategies/h021_060m_train40_ridge100_threshold0p25/NG/daily_evidence.parquet,62be38c15f90061fbe2707b81414c6126e565d1709b226e0d34faf79bbda4409
strategies/h021_060m_train40_ridge100_threshold0p25/NG/strategy_definition.json,410054687966b396a73ba7a00dd1417df77b6eabb2289da591b3195160c77751
strategies/h021_060m_train40_ridge100_threshold0p25/NKD/daily_evidence.parquet,73135e86b87f006213adcbd4156d87fd657a175339bc66a4586aa928ad4f1c56
strategies/h021_060m_train40_ridge100_threshold0p25/NKD/strategy_definition.json,415f4a3c93d77e77dd53f9358c322faff6cc75a2b60c1032498d2ae5bd82eb0c
strategies/h021_060m_train40_ridge100_threshold0p25/ZC/daily_evidence.parquet,5fa3bd708a4b07cc0d2b4711862c338eaf7fb857bb2cf5f5492dfea947e00a24
strategies/h021_060m_train40_ridge100_threshold0p25/ZC/strategy_definition.json,bf7cea944a66ec788ef055942522dec06b869a95835d980c183758a1136a6bdf
strategies/h021_060m_train40_ridge100_threshold0p25/ZN/daily_evidence.parquet,4c2fc9a410d95c859820059393583aaf5669233d7c7f567e376837b339defcc4
strategies/h021_060m_train40_ridge100_threshold0p25/ZN/strategy_definition.json,d93d29d14244e64b22158379bf931182dfa87de79a59a9681d3663055b407f9f
strategies/h021_240m_train20_ridge010_threshold0p1/6E/daily_evidence.parquet,c5bea9afb1b5f69c214191be8c311f42ca0528e1831fb2fc66518bef7edf5310
strategies/h021_240m_train20_ridge010_threshold0p1/6E/strategy_definition.json,c228fe10679f42a30d663d99a221e357fa6c2e64f42cb4add88e15977003fade
strategies/h021_240m_train20_ridge010_threshold0p1/6J/daily_evidence.parquet,84bdbc3b8cb6c59f2a521cc5456a267e0c83c4b8c7e387ddf1561d5a16eae17c
strategies/h021_240m_train20_ridge010_threshold0p1/6J/strategy_definition.json,191f4a13e9b7d986a257a86ef7dc80cfd4ea502925a82ac8c4e4302a97a61c06
strategies/h021_240m_train20_ridge010_threshold0p1/CL/daily_evidence.parquet,9ac813160be416bb9677ad033cdce5ac36f57c5f1a397793e86e2dd90f73b278
strategies/h021_240m_train20_ridge010_threshold0p1/CL/strategy_definition.json,7892d6f331208b7b3b1d61d1cf8dc7c22ff3e29e84fc97deb064fef1bb1bff9d
strategies/h021_240m_train20_ridge010_threshold0p1/ES/daily_evidence.parquet,eb411de92d9f20b827f072035872be5e8f0ee87b872db192099bb296ae91d6ed
strategies/h021_240m_train20_ridge010_threshold0p1/ES/strategy_definition.json,89bba4db0488368aece14297c0ed36df3f53aea6efc98ca5bdab3d8cab85b9b9
strategies/h021_240m_train20_ridge010_threshold0p1/GC/daily_evidence.parquet,58a339ad9845eaa331bd771d5152a94e974a489414a0b68e14521336c1afcdbe
strategies/h021_240m_train20_ridge010_threshold0p1/GC/strategy_definition.json,6329c695b96f8d3473fb7b6d21b4f0cd643b080fcbed7285f71b91b04d4c1d05
strategies/h021_240m_train20_ridge010_threshold0p1/HG/daily_evidence.parquet,a760bba962715e62da7dbb4f782dba6fd5fd19192c0cdca2807aeedb6f1a2793
strategies/h021_240m_train20_ridge010_threshold0p1/HG/strategy_definition.json,d587a23f6492bfc5871c9ba4f00edf9c1f6aa532e1388d1af7b0ebdfec3895ec
strategies/h021_240m_train20_ridge010_threshold0p1/NG/daily_evidence.parquet,0c475df89c33e79955fa563ea1b54670ec08a9313765c026a60ecca7d63338ec
strategies/h021_240m_train20_ridge010_threshold0p1/NG/strategy_definition.json,6972e6f7fe4fcbc6ddc58d86d3f8a00f355ca6726c0e84c173a4dadd3fd9bbf8
strategies/h021_240m_train20_ridge010_threshold0p1/NKD/daily_evidence.parquet,40a1aea6a57851d51ab3605151b4e1287732b9148a2a6fd2af05f7d2a646646e
strategies/h021_240m_train20_ridge010_threshold0p1/NKD/strategy_definition.json,bab377971109263ba4380277bc61177d35d68853d6f1e01cd0becebdc4ca9f12
strategies/h021_240m_train20_ridge010_threshold0p1/ZC/daily_evidence.parquet,7812033a5594a16b0bd5cd78ee3bea75a5f7307bcf94353b35a9618c69fd4c16
strategies/h021_240m_train20_ridge010_threshold0p1/ZC/strategy_definition.json,7a0004f2d16e74f3da45e15c981ca6955afa9f58e9f576752c90f2bdff9ae98c
strategies/h021_240m_train20_ridge010_threshold0p1/ZN/daily_evidence.parquet,81ca5f63cea4b5df16ebf43969c1619bad374535f93249f22e92f07b0bf79e8a
strategies/h021_240m_train20_ridge010_threshold0p1/ZN/strategy_definition.json,2977fb189e24292935ad840cfbb5dfe81e6ee0a53bd095fe3486f8bd986868d7
strategies/h021_240m_train20_ridge010_threshold0p25/6E/daily_evidence.parquet,38788150028d2b828864dec81cacc0ce2c7a11a71c075281a00eb484e48514fb
strategies/h021_240m_train20_ridge010_threshold0p25/6E/strategy_definition.json,06ed584e90d8908cbb46eabcf39acbeae985cb4ba9afd92507c731f5052212f1
strategies/h021_240m_train20_ridge010_threshold0p25/6J/daily_evidence.parquet,4fe4ba00db195f4f08ecf382efa421aa4a7ad84ad8c768356f60e14488d8a17e
strategies/h021_240m_train20_ridge010_threshold0p25/6J/strategy_definition.json,eccea8d37af4bea319a263057331b9417e2ce67eb750ad78e44393b42f14bbe0
strategies/h021_240m_train20_ridge010_threshold0p25/CL/daily_evidence.parquet,90695c75c2011f68b2c86f60ac125961971d324a98c108b3ee5b82c42dc8208b
strategies/h021_240m_train20_ridge010_threshold0p25/CL/strategy_definition.json,84f1a4d5e434ba4789464fcc852ccbc4afd3720b5952f2a488b1d90c03ede6da
strategies/h021_240m_train20_ridge010_threshold0p25/ES/daily_evidence.parquet,ec51cdf362c58b14317306f3c4b32b8a9beb41d8e57a649578a160d3837aafda
strategies/h021_240m_train20_ridge010_threshold0p25/ES/strategy_definition.json,aff3780639c6ae079791bfa2561fc3b7e871d204d64dfb7dfaad2c9288c2282a
strategies/h021_240m_train20_ridge010_threshold0p25/GC/daily_evidence.parquet,bc88941ef78c27183550dd3dc770d41892f98814efc325cb4ee3c5e8d04cc3ac
strategies/h021_240m_train20_ridge010_threshold0p25/GC/strategy_definition.json,568550e00c56bb33c72041ce36fc20eea140601bc6460884499c882ce82abe7e
strategies/h021_240m_train20_ridge010_threshold0p25/HG/daily_evidence.parquet,e572381e8e336b2e60963baf9f8f73a0a9eed5485965e5da139434f79a82ffee
strategies/h021_240m_train20_ridge010_threshold0p25/HG/strategy_definition.json,5b86a9ff96d3b68f10074abdfbc301766102defe79fac6f10c2f4f11bd4ce2fe
strategies/h021_240m_train20_ridge010_threshold0p25/NG/daily_evidence.parquet,aaa5c8b5da4b2d3d325da063150bb9f4681344c4d219521578b40debc2c18ede
strategies/h021_240m_train20_ridge010_threshold0p25/NG/strategy_definition.json,8014ca08a520ae122aabb0e812ebb3e60603e3a2377e8ae71e7c6e78f995b42a
strategies/h021_240m_train20_ridge010_threshold0p25/NKD/daily_evidence.parquet,6424c7548d1edb05083b5eaaa18228ffb0ce7e78a7d3cd557de200ea1483fd7f
strategies/h021_240m_train20_ridge010_threshold0p25/NKD/strategy_definition.json,9b88d54d7732a0246a16e4311acd3b9f58392ea92c36e592d5e3791813f6638e
strategies/h021_240m_train20_ridge010_threshold0p25/ZC/daily_evidence.parquet,322d8529f68d19dbf453087731f40792bdd2e113a17cc7520d97471477a451a3
strategies/h021_240m_train20_ridge010_threshold0p25/ZC/strategy_definition.json,d9c17773729e4a56463f179210308a1d208399196525772298e13aae55e8e40b
strategies/h021_240m_train20_ridge010_threshold0p25/ZN/daily_evidence.parquet,9e479efc8f1e23780c2cc048e31f6a4b35c032cc1af7d55902056c31fc46b424
strategies/h021_240m_train20_ridge010_threshold0p25/ZN/strategy_definition.json,5836bcc1dce8f22b03dadedd827ececa97ccbeb4136e4a8b226edb9711fed309
strategies/h021_240m_train20_ridge100_threshold0p1/6E/daily_evidence.parquet,88f011a7683d64394618d5c43124594c96050eb1d6471454c8187316c057ad7d
strategies/h021_240m_train20_ridge100_threshold0p1/6E/strategy_definition.json,24b84f3fadc76f88212a5765a5781ad69cd9ff1aef1ba4c84c7c341d58a43776
strategies/h021_240m_train20_ridge100_threshold0p1/6J/daily_evidence.parquet,f3ea3e220bfb1b4c26f036442b23f0737fa7d00b8d422c9fff8706bc96ac683e
strategies/h021_240m_train20_ridge100_threshold0p1/6J/strategy_definition.json,65ec33b2272cba1d69978939d4ba441018db433d9aad98bbdcb254b801b83d70
strategies/h021_240m_train20_ridge100_threshold0p1/CL/daily_evidence.parquet,be949c9e98af9ba47378019e7def2f99732f3fb491da271157b192a0248e860b
strategies/h021_240m_train20_ridge100_threshold0p1/CL/strategy_definition.json,2d9a2e9c482be80c9ad6a903c3cd13b055e60a9ec410e4a89d3ea8140475bffe
strategies/h021_240m_train20_ridge100_threshold0p1/ES/daily_evidence.parquet,37445bc7d24bbf4f1ff4571558110cb058ef3fb41c9bde787027d85b113a5e63
strategies/h021_240m_train20_ridge100_threshold0p1/ES/strategy_definition.json,17d5bfd4e98f1c175f61805c94ba16dd7bbed45dce41479d875f9f8cbc990fee
strategies/h021_240m_train20_ridge100_threshold0p1/GC/daily_evidence.parquet,c5dc79e53fe5d5f15235fe941e31855966ac24a5210dbb96f5637f7f31f8685a
strategies/h021_240m_train20_ridge100_threshold0p1/GC/strategy_definition.json,47528ade2cdbe0fee6d9b4978fcae1ee4d35d2b68b835681d48d9a7b459d5015
strategies/h021_240m_train20_ridge100_threshold0p1/HG/daily_evidence.parquet,c222d7310bc427c9f09197dbec2e58c9c8585ef4d1966894ea449fbde1de51a0
strategies/h021_240m_train20_ridge100_threshold0p1/HG/strategy_definition.json,e197e4db6fb20cf0bae6e562cea9fe0cc3aab3bbc745e44117f431c175179958
strategies/h021_240m_train20_ridge100_threshold0p1/NG/daily_evidence.parquet,3ce667ea601ffdb13ff71bdd15d23c4f5715406321bd41e56cc430606d885b1e
strategies/h021_240m_train20_ridge100_threshold0p1/NG/strategy_definition.json,6c42c48e197750fc1d69eb7ab6cf1fd44a997b9be0a7fe98b58b26c4fec02f60
strategies/h021_240m_train20_ridge100_threshold0p1/NKD/daily_evidence.parquet,a2d5f0ab8fd52b34e6f9a33c657d8d122759e4fa31827ce8d1ef27cbb981e4ab
strategies/h021_240m_train20_ridge100_threshold0p1/NKD/strategy_definition.json,849a10d1d742f93f50c12f23fd0cf1c6ce0ac76d57e1c32abc18fdfe0dafd803
strategies/h021_240m_train20_ridge100_threshold0p1/ZC/daily_evidence.parquet,fcc5794722664d306cd047e0784efdb17cb083f812951ba15d3ecb0a48d181d2
strategies/h021_240m_train20_ridge100_threshold0p1/ZC/strategy_definition.json,791fc8dedefef943bec29c49293ae5919a23bc58f3fd8ce5c7620499f6e0935a
strategies/h021_240m_train20_ridge100_threshold0p1/ZN/daily_evidence.parquet,204bce623df91421037612f035729efc8d253f6e5102c726164f21f102d85790
strategies/h021_240m_train20_ridge100_threshold0p1/ZN/strategy_definition.json,5b209574c0fe905520a03e334c6bd98037bc9d04ca67303faf0ecb08941c244a
strategies/h021_240m_train20_ridge100_threshold0p25/6E/daily_evidence.parquet,e6c43cca83d16b9962de309dd4e5de3e589ded9e7bd0a177de100ab5c6487684
strategies/h021_240m_train20_ridge100_threshold0p25/6E/strategy_definition.json,0800d61b86c0525694f141826d2437b8d091908c3e5fa48d30fd21a4677b00e3
strategies/h021_240m_train20_ridge100_threshold0p25/6J/daily_evidence.parquet,01b49119c27bec03da45ac1e9975afe4f2a1ad3bbb08bc71deda1867bb1b459b
strategies/h021_240m_train20_ridge100_threshold0p25/6J/strategy_definition.json,5e6721850078da6cab1f8b04f3ead1d10c6ad8851d9d0be82f82e81fceb2e4ae
strategies/h021_240m_train20_ridge100_threshold0p25/CL/daily_evidence.parquet,5810012d8632e4c307286e9c3459d88d4f20d532ba155056711c6480057f723f
strategies/h021_240m_train20_ridge100_threshold0p25/CL/strategy_definition.json,169a66c0dad3a8b24ac1516dcf6ae92da136d8fc2c78685421953b4c2288a38e
strategies/h021_240m_train20_ridge100_threshold0p25/ES/daily_evidence.parquet,b82f21f91823ed8921901795fad132b649a4706dc15188c666cbd20e17cc12d1
strategies/h021_240m_train20_ridge100_threshold0p25/ES/strategy_definition.json,abf973f001d7c4c46216b9c57869d3ff065977a4e45f1d8d2157bb2ce81f41fa
strategies/h021_240m_train20_ridge100_threshold0p25/GC/daily_evidence.parquet,b09c3503f0b0b02a87ed20c1a8b6796018a24edad740ab38c33891aaeaf22416
strategies/h021_240m_train20_ridge100_threshold0p25/GC/strategy_definition.json,2e45ceec2e42bc0ed9751fc90bed68651815afc18ff1278ac9fd0d67f55ac8e3
strategies/h021_240m_train20_ridge100_threshold0p25/HG/daily_evidence.parquet,f4e4b6e9e170e299a1a16b3b757cdf59244689cc458538f9193d99097473c175
strategies/h021_240m_train20_ridge100_threshold0p25/HG/strategy_definition.json,36107e1589c00a6d2e1ee3659d5494554b5aee112d9c51b07470539cf6644741
strategies/h021_240m_train20_ridge100_threshold0p25/NG/daily_evidence.parquet,cae82a1bbdfd7f77094aa5d940e8d8657c4b8bee3af6fad7bd27ef56f9b60b82
strategies/h021_240m_train20_ridge100_threshold0p25/NG/strategy_definition.json,8652f89b33e0fec24fddbe30b1bd99e8d5cbd469a1dc421af625d2ee1664e9c3
strategies/h021_240m_train20_ridge100_threshold0p25/NKD/daily_evidence.parquet,31b1a51781fee56ef4c9beba6ea8d86188a16e63075a043b2a2aaefc41c80cd7
strategies/h021_240m_train20_ridge100_threshold0p25/NKD/strategy_definition.json,3e67608221e0c873bbc93a736a9070d4261800a156cb34f4d13dff00fc917400
strategies/h021_240m_train20_ridge100_threshold0p25/ZC/daily_evidence.parquet,4f9a03b7cc8647f99a476a96254d850939fe932ae0d7bcfc55f9be2402e86781
strategies/h021_240m_train20_ridge100_threshold0p25/ZC/strategy_definition.json,2fd1069483390d03b3893f58737202bddc7d3854a0775cf18d922e0baef7f4fe
strategies/h021_240m_train20_ridge100_threshold0p25/ZN/daily_evidence.parquet,66b4e297e79a681a9556113f4a769587fd450f234f005cdbe9d983a97da83b84
strategies/h021_240m_train20_ridge100_threshold0p25/ZN/strategy_definition.json,0e959a5eba5f66a7ed5bbd9bddce70ef1a860eb1a7bc01877f59b15472bf0554
strategies/h021_240m_train40_ridge010_threshold0p1/6E/daily_evidence.parquet,0d79353209bc22a07af2dae644872608516d6adf53008829f1809c8d250a0acc
strategies/h021_240m_train40_ridge010_threshold0p1/6E/strategy_definition.json,03dec99c258b6a8979d84f6261ed88bfbb04719abe5a974894b4d4261d4ae93d
strategies/h021_240m_train40_ridge010_threshold0p1/6J/daily_evidence.parquet,6983af4668c31588ffc3427c09098010fefc0023189d2e6022c49327b47ea946
strategies/h021_240m_train40_ridge010_threshold0p1/6J/strategy_definition.json,f2cbb68d73841d3c6a78a20900fd0e4a1dc1a751b1e745c3f139f7291d28fc68
strategies/h021_240m_train40_ridge010_threshold0p1/CL/daily_evidence.parquet,1a4607e08e8b4b2b056e932de17a33e11b7faf785b82fa065d8bc63c9c6b43f3
strategies/h021_240m_train40_ridge010_threshold0p1/CL/strategy_definition.json,57f9181066a91fa9cb4904226a272561e09b4aa861e943a5d3c7900b34d01a06
strategies/h021_240m_train40_ridge010_threshold0p1/ES/daily_evidence.parquet,fff07c434fd85bcf14c2907aa29abbcd4b3a886057cadb347d51672ba211f715
strategies/h021_240m_train40_ridge010_threshold0p1/ES/strategy_definition.json,3b0f9393bebfbb785aad1e88651fa51d612aa10edb6c65af28b579c5d441a05d
strategies/h021_240m_train40_ridge010_threshold0p1/GC/daily_evidence.parquet,d48559912544b3e664d2eb47e43f7b82a70236e4b5bba337f62e0a03ffec4ee0
strategies/h021_240m_train40_ridge010_threshold0p1/GC/strategy_definition.json,a3354ba2df8ee5eba52e5e0d3cc198d497a4a4b7b9fa1e7b737aabde1443c069
strategies/h021_240m_train40_ridge010_threshold0p1/HG/daily_evidence.parquet,77907f266478123bdd0a277a32401dea92bb39ad87bf7f53acefc5b36f1f0ac7
strategies/h021_240m_train40_ridge010_threshold0p1/HG/strategy_definition.json,849d7f3fd783a0914f8f4c5979afeae016ac0326afa500f4d3c8f8c4467b9a8a
strategies/h021_240m_train40_ridge010_threshold0p1/NG/daily_evidence.parquet,bf20219559a0249d934797cf958063f69d367024a73c53f34b69ba70715d7001
strategies/h021_240m_train40_ridge010_threshold0p1/NG/strategy_definition.json,2f50be964f0a2c3d063c494577167664ce38cdf61deaadeaa4b8cbe9b47d892b
strategies/h021_240m_train40_ridge010_threshold0p1/NKD/daily_evidence.parquet,43cdb72d479e629d2fb42c70b63054af6abb35b421c83b8a171886c7a6f4c8de
strategies/h021_240m_train40_ridge010_threshold0p1/NKD/strategy_definition.json,fa77d3f139b5c312e17f3a495fe71cb6d1bb1ce8f72d147e01c2e668ccef704c
strategies/h021_240m_train40_ridge010_threshold0p1/ZC/daily_evidence.parquet,66780f9add052ef216e032d6a02abb45c801756f5d6e9486fcff02e36244af2e
strategies/h021_240m_train40_ridge010_threshold0p1/ZC/strategy_definition.json,cdd07e7f088596467365d00c272356b42b04561b26a52ff92af5a5277e3f648a
strategies/h021_240m_train40_ridge010_threshold0p1/ZN/daily_evidence.parquet,c0669373c4e2d528bc419c3fa16379f54adb28c3c50962304a13b682aeb5aaa1
strategies/h021_240m_train40_ridge010_threshold0p1/ZN/strategy_definition.json,2423c416515fc00e05b382d628e042140c63c02f029bbc650931f40d97c05cb7
strategies/h021_240m_train40_ridge010_threshold0p25/6E/daily_evidence.parquet,59b3bf84d0d96a0f59d746dc23807c09cbe8a4956885b0c80b7a2cb78a90d39c
strategies/h021_240m_train40_ridge010_threshold0p25/6E/strategy_definition.json,f7e37dcba0aec574be383b6656ef12ad421b3d5dc3de4b5f46ccef4bdf7cb624
strategies/h021_240m_train40_ridge010_threshold0p25/6J/daily_evidence.parquet,ac80bcd7ae449cb8d544843e0464a1018ca852ce11b1e4eb0ef78b61a03cdee3
strategies/h021_240m_train40_ridge010_threshold0p25/6J/strategy_definition.json,e084d947bf4086749263309fe524888c3f5500261be90f88fe944c58be7b2a74
strategies/h021_240m_train40_ridge010_threshold0p25/CL/daily_evidence.parquet,80b1200d16258e9b0497f4498a1ae2e717810ffff0ff7fa9f52483133e163302
strategies/h021_240m_train40_ridge010_threshold0p25/CL/strategy_definition.json,9293ccdd58d5158b14eb9583a92b9c10f84de8a43633b5029299dba16130ba4a
strategies/h021_240m_train40_ridge010_threshold0p25/ES/daily_evidence.parquet,9c92762f11d3254a0c66a89c00ad88606fcd201221c56a20be565bd91dbb2f43
strategies/h021_240m_train40_ridge010_threshold0p25/ES/strategy_definition.json,e45ffed9edf92b1057fad6bdf230cfc48c843e1acfabc601d017435f45fdf82e
strategies/h021_240m_train40_ridge010_threshold0p25/GC/daily_evidence.parquet,05d3f3d94b8905ab857b1a043c7c7b96b4ab91d38c8bcb53f044e9fb8bbc060c
strategies/h021_240m_train40_ridge010_threshold0p25/GC/strategy_definition.json,33279ab1232e8a552c8cbabea0b979dd2530c5e3df228474a6f470b04d82525d
strategies/h021_240m_train40_ridge010_threshold0p25/HG/daily_evidence.parquet,9f167ca512c40af5b554fffe5402ff43030c5daf0f0ee3dc19d6bc289c483769
strategies/h021_240m_train40_ridge010_threshold0p25/HG/strategy_definition.json,341eded5bca5f46dc6a1a84ea681ca93729ee4f8245b9b12a6b35aebd1027ddc
strategies/h021_240m_train40_ridge010_threshold0p25/NG/daily_evidence.parquet,d880e407cc8a00a2845640d697cd5f3cb379e91b84f5d447bcece7b1702a8552
strategies/h021_240m_train40_ridge010_threshold0p25/NG/strategy_definition.json,07419255e3d7acc1cf615f1374d09ceb22490ac2758497bb3c07a2b15ffda8c1
strategies/h021_240m_train40_ridge010_threshold0p25/NKD/daily_evidence.parquet,9dbc0d9c786d1d810eb8e799fb5dbe8bb681fdd6350b1a91701c09da1c96b133
strategies/h021_240m_train40_ridge010_threshold0p25/NKD/strategy_definition.json,5bbda34ed26ff531a0064d5ff3ceabb802c011638f62e8c905c3546ae13ef672
strategies/h021_240m_train40_ridge010_threshold0p25/ZC/daily_evidence.parquet,58aae586977309310442f6ffbe22224ddc4326bcf9b5009fda0ea2e273ebc6a1
strategies/h021_240m_train40_ridge010_threshold0p25/ZC/strategy_definition.json,32467aa44ec26bd0dd711dc91455ed6bffbbf4db047e6892f36f84097982a598
strategies/h021_240m_train40_ridge010_threshold0p25/ZN/daily_evidence.parquet,ea7bd0714eb57f81f7b42d047fc51643fe63b67c1e963d024563112170cb3451
strategies/h021_240m_train40_ridge010_threshold0p25/ZN/strategy_definition.json,44f54c3ea4cdfb072d634a89392f0753762c14c1a6241c6de654dcc1947fa2ac
strategies/h021_240m_train40_ridge100_threshold0p1/6E/daily_evidence.parquet,6abf86c320069c365dc4748cb22dd36b0c465ae590e8b21da8d96d0202d2f014
strategies/h021_240m_train40_ridge100_threshold0p1/6E/strategy_definition.json,8a7374f1202d089ee22993b6746611c530576e37cea6b0b3b37bf0d071fe9b4e
strategies/h021_240m_train40_ridge100_threshold0p1/6J/daily_evidence.parquet,fdb66339cc57a33275ce4db6f6e9d641e5b3112ff49e8866c7781de52d788f35
strategies/h021_240m_train40_ridge100_threshold0p1/6J/strategy_definition.json,0487c2421c8476a2751a60ea9918cc490ab76f2c6c952d0f649470b07c353711
strategies/h021_240m_train40_ridge100_threshold0p1/CL/daily_evidence.parquet,2362751044913f64154fb18e60454f45fed80d5fdb47be1b2fd2e2f4c8218ed7
strategies/h021_240m_train40_ridge100_threshold0p1/CL/strategy_definition.json,b57c5de233f6b7301a2f5e1c2322d9abf63861b27b9a9384eed4ed7b40be958d
strategies/h021_240m_train40_ridge100_threshold0p1/ES/daily_evidence.parquet,44b0aa0cffe812e138cee553554655e16c97a7e8b54225e95d27ced9ab69ead3
strategies/h021_240m_train40_ridge100_threshold0p1/ES/strategy_definition.json,fb1284f38cc9395162f8f0a82e4c99dc485101ee7a4fc112739e4dfee983bc3a
strategies/h021_240m_train40_ridge100_threshold0p1/GC/daily_evidence.parquet,82a8c913aa7b791416df65e6b68297b71fb9e9f749fb07d5b31851f27f74bef7
strategies/h021_240m_train40_ridge100_threshold0p1/GC/strategy_definition.json,b7a18521add86f776065087690ed8e8f897af99ee7afc71aacb5553178ac7173
strategies/h021_240m_train40_ridge100_threshold0p1/HG/daily_evidence.parquet,53919a9365a1ea45e15d2b09ab7a961da390fb4b96effd67321c90e3b6000b44
strategies/h021_240m_train40_ridge100_threshold0p1/HG/strategy_definition.json,d376d1401410d23371c39caa1fc0f87f4b9cc6c0f80eef507d782763113d541f
strategies/h021_240m_train40_ridge100_threshold0p1/NG/daily_evidence.parquet,ecc2c8f7464b9b6dd83e2174fd7413366c06fdbc3e44d3d27b3326482531ab0d
strategies/h021_240m_train40_ridge100_threshold0p1/NG/strategy_definition.json,5afa07af1b53920df7c01cdacb774ce6b0bf58155c74b59c3cc3c1c895c87ac5
strategies/h021_240m_train40_ridge100_threshold0p1/NKD/daily_evidence.parquet,a10becd8444e6ebc7d3269460b0505399e2582a52fa1240a9b926d7d57902b3a
strategies/h021_240m_train40_ridge100_threshold0p1/NKD/strategy_definition.json,079cf693c9f4085486404a2457f87b971894a6af7c88b6741ec5d08e8c2342d1
strategies/h021_240m_train40_ridge100_threshold0p1/ZC/daily_evidence.parquet,2aa50c82e79f629c2fe08226ba1d1f981e91325a29936e033a62ea6dd56ee67f
strategies/h021_240m_train40_ridge100_threshold0p1/ZC/strategy_definition.json,36e980cc27008548887f4c9a5e952953409f0c2efd830ce9d2bc310a8b598ca4
strategies/h021_240m_train40_ridge100_threshold0p1/ZN/daily_evidence.parquet,c39c128087a08675637c8ee73c4f71febd1a8120bb22ce450d32a631c45367f5
strategies/h021_240m_train40_ridge100_threshold0p1/ZN/strategy_definition.json,0ce0b9969e45cf6c475c6e729732dce70d888ddb5c8cdb6bd64bec8cf0e6ae3b
strategies/h021_240m_train40_ridge100_threshold0p25/6E/daily_evidence.parquet,2b7b022d6801ef6035ac9a154bd31c46c79eda0bc82a506bb45e0c03543325b0
strategies/h021_240m_train40_ridge100_threshold0p25/6E/strategy_definition.json,cfbe89fbe9501c508008245430dc8d9b8ccf0c116991ffc589482fbda0c49407
strategies/h021_240m_train40_ridge100_threshold0p25/6J/daily_evidence.parquet,5cd1513646e7cdca1518230d14c42b37bd70db1339af3f79dca6f8416af27cb3
strategies/h021_240m_train40_ridge100_threshold0p25/6J/strategy_definition.json,e1c42ca955d53537a51d668e3264d5098120445e934121dae2c4fa5ebd1ecd18
strategies/h021_240m_train40_ridge100_threshold0p25/CL/daily_evidence.parquet,88010e6c98260a30c12e0201b99436b755cd4f05589ca626156dc2661ebac110
strategies/h021_240m_train40_ridge100_threshold0p25/CL/strategy_definition.json,6f3936241b3c932bbb1d9b9dead609cc731c06290dc234d7417b44cb32503988
strategies/h021_240m_train40_ridge100_threshold0p25/ES/daily_evidence.parquet,45fde260f9f70c457f2574540a1ea97e8c15644792024b5eea6622fc53b28ee4
strategies/h021_240m_train40_ridge100_threshold0p25/ES/strategy_definition.json,197ea2642b8e12c459e3fa3fd342171fee689e14b6befd5b27f3814f5445f573
strategies/h021_240m_train40_ridge100_threshold0p25/GC/daily_evidence.parquet,6e151ec3c59b896fe8d23b85d88d7fe9ebd9e3660da380e3828498117eb1d621
strategies/h021_240m_train40_ridge100_threshold0p25/GC/strategy_definition.json,ec0bc4b4fde5bfceee05dd3ce23cf3b300f51f5dbc3cc9f9dffbcb6647a4065f
strategies/h021_240m_train40_ridge100_threshold0p25/HG/daily_evidence.parquet,b39bf9b097225bd72a080253ce91c74a83dc6e7eeffd28dfcb1e95626bf1909c
strategies/h021_240m_train40_ridge100_threshold0p25/HG/strategy_definition.json,877d8ed2176b54df9310728291b756520a19718200f18494c8bb9c76be20dd85
strategies/h021_240m_train40_ridge100_threshold0p25/NG/daily_evidence.parquet,72303d6be1285c51a76138c782062281ce88a968adcb8b2f60505b3d768080a5
strategies/h021_240m_train40_ridge100_threshold0p25/NG/strategy_definition.json,e303e3dd0770745df00c452c36ad6aab6578685a47a3d49bbff449c891a24770
strategies/h021_240m_train40_ridge100_threshold0p25/NKD/daily_evidence.parquet,eb1a2771b41ea13b09dd79fe899adfbd02db7db1c6292e185ad83a9f581e7be5
strategies/h021_240m_train40_ridge100_threshold0p25/NKD/strategy_definition.json,6dba4dac91a70d525e5dcb6eb2e04d2fd7d94107ab1935d8ad2bc252c96a709b
strategies/h021_240m_train40_ridge100_threshold0p25/ZC/daily_evidence.parquet,a44e309533b7930613b9a0b29e2253a076d49b7c37dbaefdaed0362f57675606
strategies/h021_240m_train40_ridge100_threshold0p25/ZC/strategy_definition.json,55d88a04eba05c3a02cd3455d029807973367a678769fbbef852d43b08bf9793
strategies/h021_240m_train40_ridge100_threshold0p25/ZN/daily_evidence.parquet,c930de325695a5201bc3e0e2fa31455133c943e4b78ff8f8654697579672f914
strategies/h021_240m_train40_ridge100_threshold0p25/ZN/strategy_definition.json,a7d804caea6545dd34cd9902bb6359f698bde696a63e72c4a7094f6f9f68e496
