feature,family,selected,status,duplicate_of,high_correlation_review,note
log_return_1s,momentum_reversal,True,selected,,True,Retained pending development-only predictive diagnostics.
momentum_2s,momentum_reversal,True,selected,,False,Retained pending development-only predictive diagnostics.
momentum_5s,momentum_reversal,True,selected,,False,Retained pending development-only predictive diagnostics.
momentum_10s,momentum_reversal,True,selected,,False,Retained pending development-only predictive diagnostics.
momentum_20s,momentum_reversal,True,selected,,False,Retained pending development-only predictive diagnostics.
momentum_60s,momentum_reversal,True,selected,,False,Retained pending development-only predictive diagnostics.
momentum_120s,momentum_reversal,True,selected,,False,Retained pending development-only predictive diagnostics.
standardized_return_5s,momentum_reversal,True,selected,,False,Retained pending development-only predictive diagnostics.
standardized_return_20s,momentum_reversal,True,selected,,False,Retained pending development-only predictive diagnostics.
standardized_return_60s,momentum_reversal,True,selected,,False,Retained pending development-only predictive diagnostics.
reversal_1s,momentum_reversal,False,drop_exact_duplicate,log_return_1s,True,Exact algebraic duplicate; retain the named representative.
return_zscore_20s,momentum_reversal,True,selected,,False,Retained pending development-only predictive diagnostics.
price_to_sma_10s,trend,True,selected,,True,Retained pending development-only predictive diagnostics.
price_to_sma_20s,trend,True,selected,,True,Retained pending development-only predictive diagnostics.
price_to_sma_60s,trend,True,selected,,True,Retained pending development-only predictive diagnostics.
ema_gap_5_20s,trend,True,selected,,True,Retained pending development-only predictive diagnostics.
ema_gap_10_60s,trend,True,selected,,False,Retained pending development-only predictive diagnostics.
trend_slope_20s,trend,True,selected,,False,Retained pending development-only predictive diagnostics.
trend_slope_60s,trend,True,selected,,True,Retained pending development-only predictive diagnostics.
trend_efficiency_20s,trend,True,selected,,False,Retained pending development-only predictive diagnostics.
trend_efficiency_60s,trend,True,selected,,False,Retained pending development-only predictive diagnostics.
realized_volatility_5s,volatility_liquidity_regime,True,selected,,True,Retained pending development-only predictive diagnostics.
realized_volatility_20s,volatility_liquidity_regime,True,selected,,True,Retained pending development-only predictive diagnostics.
return_volatility_5s,volatility_liquidity_regime,True,selected,,False,Retained pending development-only predictive diagnostics.
return_volatility_20s,volatility_liquidity_regime,True,selected,,True,Retained pending development-only predictive diagnostics.
return_volatility_60s,volatility_liquidity_regime,True,selected,,True,Retained pending development-only predictive diagnostics.
volatility_ratio_5_20s,volatility_liquidity_regime,True,selected,,False,Retained pending development-only predictive diagnostics.
volatility_ratio_20_60s,volatility_liquidity_regime,True,selected,,False,Retained pending development-only predictive diagnostics.
downside_volatility_20s,volatility_liquidity_regime,True,selected,,True,Retained pending development-only predictive diagnostics.
upside_downside_volatility_ratio_20s,volatility_liquidity_regime,True,selected,,False,Retained pending development-only predictive diagnostics.
drawdown_20s,volatility_liquidity_regime,True,selected,,False,Retained pending development-only predictive diagnostics.
drawdown_60s,volatility_liquidity_regime,True,selected,,False,Retained pending development-only predictive diagnostics.
range_fraction,volatility_liquidity_regime,True,selected,,True,Retained pending development-only predictive diagnostics.
range_zscore_20s,volatility_liquidity_regime,True,selected,,False,Retained pending development-only predictive diagnostics.
close_location,volatility_liquidity_regime,True,selected,,False,Retained pending development-only predictive diagnostics.
log_volume,volatility_liquidity_regime,True,selected,,False,Retained pending development-only predictive diagnostics.
volume_zscore_20s,volatility_liquidity_regime,True,selected,,False,Retained pending development-only predictive diagnostics.
return_autocorrelation_20s,volatility_liquidity_regime,True,selected,,False,Retained pending development-only predictive diagnostics.
return_autocorrelation_60s,volatility_liquidity_regime,True,selected,,False,Retained pending development-only predictive diagnostics.
peer_return_lag1s,cross_market_lead_lag,True,selected,,False,Retained pending development-only predictive diagnostics.
peer_momentum_5s_lag1s,cross_market_lead_lag,True,selected,,False,Retained pending development-only predictive diagnostics.
peer_breadth_lag1s,cross_market_lead_lag,True,selected,,False,Retained pending development-only predictive diagnostics.
leadlag_correlation_20s,cross_market_lead_lag,True,selected,,False,Retained pending development-only predictive diagnostics.
leadlag_correlation_60s,cross_market_lead_lag,True,selected,,False,Retained pending development-only predictive diagnostics.
leadlag_beta_60s,cross_market_lead_lag,True,selected,,False,Retained pending development-only predictive diagnostics.
true_range_fraction,range_atr_and_estimators,True,selected,,True,Retained pending development-only predictive diagnostics.
atr_5s_fraction,range_atr_and_estimators,True,selected,,True,Retained pending development-only predictive diagnostics.
atr_14s_fraction,range_atr_and_estimators,True,selected,,True,Retained pending development-only predictive diagnostics.
atr_30s_fraction,range_atr_and_estimators,True,selected,,True,Retained pending development-only predictive diagnostics.
parkinson_volatility_5s,range_atr_and_estimators,True,selected,,True,Retained pending development-only predictive diagnostics.
parkinson_volatility_20s,range_atr_and_estimators,True,selected,,True,Retained pending development-only predictive diagnostics.
parkinson_volatility_30s,range_atr_and_estimators,True,selected,,True,Retained pending development-only predictive diagnostics.
garman_klass_volatility_5s,range_atr_and_estimators,True,selected,,True,Retained pending development-only predictive diagnostics.
garman_klass_volatility_20s,range_atr_and_estimators,True,selected,,True,Retained pending development-only predictive diagnostics.
garman_klass_volatility_30s,range_atr_and_estimators,True,selected,,True,Retained pending development-only predictive diagnostics.
overnight_gap_fraction,range_atr_and_estimators,True,selected,,True,Retained pending development-only predictive diagnostics.
range_percentile_20s,range_atr_and_estimators,True,selected,,False,Retained pending development-only predictive diagnostics.
range_percentile_60s,range_atr_and_estimators,True,selected,,True,Retained pending development-only predictive diagnostics.
range_percentile_120s,range_atr_and_estimators,True,selected,,True,Retained pending development-only predictive diagnostics.
range_quartile_60s,range_atr_and_estimators,True,selected,,True,Retained pending development-only predictive diagnostics.
open_to_previous_close,ohlcv_history,False,drop_exact_duplicate,overnight_gap_fraction,True,Exact algebraic duplicate; retain the named representative.
high_to_previous_close,ohlcv_history,True,selected,,False,Retained pending development-only predictive diagnostics.
low_to_previous_close,ohlcv_history,True,selected,,False,Retained pending development-only predictive diagnostics.
close_return_lag_1s,ohlcv_history,True,selected,,False,Retained pending development-only predictive diagnostics.
close_return_lag_2s,ohlcv_history,True,selected,,False,Retained pending development-only predictive diagnostics.
close_return_lag_5s,ohlcv_history,True,selected,,False,Retained pending development-only predictive diagnostics.
close_return_lag_10s,ohlcv_history,True,selected,,False,Retained pending development-only predictive diagnostics.
close_return_lag_20s,ohlcv_history,True,selected,,False,Retained pending development-only predictive diagnostics.
close_return_lag_30s,ohlcv_history,True,selected,,False,Retained pending development-only predictive diagnostics.
volume_change_1s,ohlcv_history,True,selected,,False,Retained pending development-only predictive diagnostics.
volume_change_5s,ohlcv_history,True,selected,,False,Retained pending development-only predictive diagnostics.
volume_change_20s,ohlcv_history,True,selected,,False,Retained pending development-only predictive diagnostics.
volume_percentile_20s,ohlcv_history,True,selected,,False,Retained pending development-only predictive diagnostics.
volume_percentile_60s,ohlcv_history,True,selected,,True,Retained pending development-only predictive diagnostics.
volume_percentile_120s,ohlcv_history,True,selected,,True,Retained pending development-only predictive diagnostics.
volume_quartile_60s,ohlcv_history,True,selected,,True,Retained pending development-only predictive diagnostics.
close_percentile_20s,ohlcv_history,True,selected,,False,Retained pending development-only predictive diagnostics.
close_percentile_60s,ohlcv_history,True,selected,,False,Retained pending development-only predictive diagnostics.
close_percentile_120s,ohlcv_history,True,selected,,False,Retained pending development-only predictive diagnostics.
price_to_sma_5s,moving_average_structure,True,selected,,False,Retained pending development-only predictive diagnostics.
price_to_sma_30s,moving_average_structure,True,selected,,True,Retained pending development-only predictive diagnostics.
price_to_sma_120s,moving_average_structure,True,selected,,True,Retained pending development-only predictive diagnostics.
sma_gap_5_20s,moving_average_structure,True,selected,,False,Retained pending development-only predictive diagnostics.
sma_gap_20_60s,moving_average_structure,True,selected,,True,Retained pending development-only predictive diagnostics.
sma_gap_30_120s,moving_average_structure,True,selected,,False,Retained pending development-only predictive diagnostics.
price_to_ema_10s,moving_average_structure,True,selected,,True,Retained pending development-only predictive diagnostics.
price_to_ema_30s,moving_average_structure,True,selected,,True,Retained pending development-only predictive diagnostics.
price_to_ema_60s,moving_average_structure,True,selected,,True,Retained pending development-only predictive diagnostics.
price_to_ema_120s,moving_average_structure,True,selected,,True,Retained pending development-only predictive diagnostics.
trend_slope_30s,linear_regression_structure,True,selected,,False,Retained pending development-only predictive diagnostics.
trend_slope_120s,linear_regression_structure,True,selected,,False,Retained pending development-only predictive diagnostics.
trend_r_squared_20s,linear_regression_structure,True,selected,,False,Retained pending development-only predictive diagnostics.
trend_r_squared_60s,linear_regression_structure,True,selected,,False,Retained pending development-only predictive diagnostics.
trend_r_squared_120s,linear_regression_structure,True,selected,,False,Retained pending development-only predictive diagnostics.
trend_residual_zscore_20s,linear_regression_structure,True,selected,,False,Retained pending development-only predictive diagnostics.
trend_residual_zscore_60s,linear_regression_structure,True,selected,,False,Retained pending development-only predictive diagnostics.
trend_slope_acceleration_20s,linear_regression_structure,True,selected,,False,Retained pending development-only predictive diagnostics.
volume_per_observed_minute,minute_bar_pace_and_distribution,True,selected,,False,Retained pending development-only predictive diagnostics.
absolute_return_per_observed_minute,minute_bar_pace_and_distribution,True,selected,,True,Retained pending development-only predictive diagnostics.
zero_return_fraction,minute_bar_pace_and_distribution,True,selected,,True,Retained pending development-only predictive diagnostics.
positive_return_fraction,minute_bar_pace_and_distribution,True,selected,,True,Retained pending development-only predictive diagnostics.
return_sign_imbalance,minute_bar_pace_and_distribution,True,selected,,False,Retained pending development-only predictive diagnostics.
intraday_return_q10,minute_bar_pace_and_distribution,True,selected,,True,Retained pending development-only predictive diagnostics.
intraday_return_q25,minute_bar_pace_and_distribution,True,selected,,True,Retained pending development-only predictive diagnostics.
intraday_return_median,minute_bar_pace_and_distribution,False,drop_cross_instrument_degenerate,return_sign_imbalance,False,Degenerate for one or more instruments; retain the robust proxy.
intraday_return_q75,minute_bar_pace_and_distribution,True,selected,,True,Retained pending development-only predictive diagnostics.
intraday_return_q90,minute_bar_pace_and_distribution,True,selected,,True,Retained pending development-only predictive diagnostics.
intraday_return_iqr,minute_bar_pace_and_distribution,True,selected,,True,Retained pending development-only predictive diagnostics.
intraday_tail_imbalance,minute_bar_pace_and_distribution,True,selected,,False,Retained pending development-only predictive diagnostics.
realized_variance,intraday_realized_risk,True,selected,,False,Retained pending development-only predictive diagnostics.
realized_volatility,intraday_realized_risk,True,selected,,True,Retained pending development-only predictive diagnostics.
downside_semivariance,intraday_realized_risk,True,selected,,False,Retained pending development-only predictive diagnostics.
upside_semivariance,intraday_realized_risk,True,selected,,True,Retained pending development-only predictive diagnostics.
bipower_variation,intraday_realized_risk,True,selected,,True,Retained pending development-only predictive diagnostics.
jump_variation,intraday_realized_risk,True,selected,,True,Retained pending development-only predictive diagnostics.
realized_quarticity,intraday_realized_risk,True,selected,,True,Retained pending development-only predictive diagnostics.
